ID,Type,SKU,Name,Published,"Is featured?","Visibility in catalog","Short description",Description,"Date sale price starts","Date sale price ends","Tax status","Tax class","In stock?",Stock,"Low stock amount","Backorders allowed?","Sold individually?","Weight (kg)","Length (cm)","Width (cm)","Height (cm)","Allow customer reviews?","Purchase note","Sale price","Regular price",Categories,Tags,"Shipping class",Images,"Download limit","Download expiry days",Parent,"Grouped products",Upsells,Cross-sells,"External URL","Button text",Position,"Meta: _original_id","Meta: _wpb_vc_js_status","Meta: _wpb_vc_js_interface_version","Meta: slide_template","Meta: gprofil","Meta: zubereitungsempfehlung","Meta: page-loading","Meta: force-boxed","Meta: page-bgimage","Meta: page-bgcolor","Meta: show-header","Meta: show-breadcrumb","Meta: show-footer","Meta: page-header-enabled","Meta: page-header-class","Meta: page-header-padding","Meta: page-header-title","Meta: page-header-title-color","Meta: page-header-title-animation","Meta: page-header-subtitle","Meta: page-header-subtitle-animation","Meta: page-header-subtitle-color","Meta: page-header-align","Meta: page-header-bgcolor","Meta: page-header-bgimage-type","Meta: page-header-bgimage","Meta: page-header-bgimage-attach","Meta: page-header-mask","Meta: page-header-mask-bgimage","Meta: page-header-mask-bgcolor","Meta: page-header-mask-opacity","Meta: post-link-url","Meta: post-link-label","Meta: post-link-target","Meta: post-link-color","Meta: post-link-bgcolor","Meta: post-link-bgimage","Meta: post-status-text","Meta: post-status-color","Meta: post-status-bgcolor","Meta: post-status-bgimage","Meta: post-gallery","Meta: post-gallery-animation","Meta: post-gallery-navigation","Meta: post-gallery-pagination","Meta: post-video-source","Meta: post-video-poster","Meta: post-video-mp4","Meta: post-video-webm","Meta: post-video-ogv","Meta: post-video-youtube","Meta: post-video-vimeo","Meta: post-quote-text","Meta: post-quote-author","Meta: post-quote-color","Meta: post-quote-bgcolor","Meta: post-quote-bgimage","Meta: post-audio-mp3","Meta: variation_menu_order","Meta: _min_variation_price","Meta: _max_variation_price","Meta: _min_price_variation_id","Meta: _max_price_variation_id","Meta: _min_variation_regular_price","Meta: _max_variation_regular_price","Meta: _min_regular_price_variation_id","Meta: _max_regular_price_variation_id","Meta: farm","Meta: anbauhoehe","Meta: anbauregion","Meta: sorte","Meta: varitaet","Meta: varitaet_tt","Meta: ernte","Meta: aufbereitung","Meta: aufbereitung_tt","Meta: zertifizierung_rohkaffee","Meta: besonderheit","Meta: inline_featured_image","Meta: _lieferzeit","Meta: _sale_label","Meta: _alternative_shipping_information","Meta: _unit_regular_price_per_unit","Meta: _unit_regular_price_per_unit_mult","Meta: _regular_price_per_unit","Meta: _unit_sale_price_per_unit","Meta: _unit_sale_price_per_unit_mult","Meta: _sale_price_per_unit","Meta: product_function_desc_textarea","Meta: _digital","Meta: _jck_wssv_display_title","Meta: _disable_add_to_cart"
949,variable,,"Nr.1 „Einmal um die Welt“",1,0,search,"Arabicas aus Brasilien, Äthiopien und Indonesien","Diese Mischung besteht aus brasilianischen, indonesischen und äthiopischen Kaffees. Der brasilianische Kaffee verleiht der Mischung ihren Körper und die Süße. Durch den äthiopischen Kaffee kommen blumig-fruchtige und schokoladige Noten hinzu. Der indonesische Kaffee gibt der Mischung schließlich ihre Kraft und Würze.
\n
\nDie Mischung lässt sich wunderbar als Espresso pur trinken, aber auch mit Milch, z.B. als Cappuccino oder Latte Macchiato, kommen die feinen Aromen hervorragend zur Geltung. Da die Röstungen der einzelnen Kaffees relativ hell sind, eignet sich dieser Blend aber sehr gut als Filterkaffee.
\n
\nIn jedem Fall lässt er Sie „Einmal um die Welt“ reisen.",,,taxable,reduced-rate,1,,,0,0,,,,,1,,,,"KAFFEE, KAFFEE > BLENDS","leicht fruchtig, mild, nussig, schokoladig",,https://staging.our-working.space/wp-content/uploads/2016/07/Nr-1.png,,,,,,,,,0,Gewicht,"250g, 500g, 1000g",1,1,250g,Mahlung,"ganze Bohne, Siebträger, Herdkanne, Filter, Stempelkanne",1,1,false,2,default,"Nussig, schokoladig, leicht fruchtig, mild","Als Espresso im Siebträger, insbesondere in Verbindung mit Milch, aber auch als aromatischer Filterkaffee.",default,false,,#f6edde,true,true,true,false,,padding-medium,,#ffffff,,,,#ffffff,textaligncenter,transparent,full-image,,bg-static,false,,#000000,0.7,,,_blank,#ffffff,#9f403c,,,#ffffff,#9f403c,,,fade,true,true,self,,,,,,,,,#ffffff,#9f403c,,,0.0001,5.90,21.50,966,951,5.90,21.50,966,951,,,,,,,,,,,,0,'-1,'-2,,cm,,,cm,,,,no,,
951,variation,,"Nr.1 „Einmal um die Welt“",1,0,search,,,,,taxable,parent,1,,,0,0,1000,,,,0,,,"21,50",,,,,,,id:949,,,,,,0,Gewicht,1000g,,1,,Mahlung,Siebträger,,1,,,,,,,,,,,,,,,,,,,,,,,,,,,,,,,,,,,,,,,,,,,,,,,,,,,,,,,,,,0.0001,,,,,,,,,,,,,,,,,,,,,,,,,,,,,,,,"Nr.1 „Einmal um die Welt“",
952,variation,,"Nr.1 „Einmal um die Welt“",1,0,search,,,,,taxable,parent,1,,,0,0,1000,,,,0,,,"21,50",,,,,,,id:949,,,,,,0,Gewicht,1000g,,1,,Mahlung,Stempelkanne,,1,,,,,,,,,,,,,,,,,,,,,,,,,,,,,,,,,,,,,,,,,,,,,,,,,,,,,,,,,,0.0001,,,,,,,,,,,,,,,,,,,,,,,,,,,,,,,,"Nr.1 „Einmal um die Welt“",
953,variation,,"Nr.1 „Einmal um die Welt“",1,0,search,,,,,taxable,parent,1,,,0,0,1000,,,,0,,,"21,50",,,,,,,id:949,,,,,,0,Gewicht,1000g,,1,,Mahlung,Herdkanne,,1,,,,,,,,,,,,,,,,,,,,,,,,,,,,,,,,,,,,,,,,,,,,,,,,,,,,,,,,,,0.0001,,,,,,,,,,,,,,,,,,,,,,,,,,,,,,,,"Nr.1 „Einmal um die Welt“",
954,variation,,"Nr.1 „Einmal um die Welt“",1,0,search,,,,,taxable,parent,1,,,0,0,1000,,,,0,,,"21,50",,,,,,,id:949,,,,,,0,Gewicht,1000g,,1,,Mahlung,Filter,,1,,,,,,,,,,,,,,,,,,,,,,,,,,,,,,,,,,,,,,,,,,,,,,,,,,,,,,,,,,0.0001,,,,,,,,,,,,,,,,,,,,,,,,,,,,,,,,"Nr.1 „Einmal um die Welt“",
955,variation,,"Nr.1 „Einmal um die Welt“",1,0,search,,,,,taxable,parent,1,,,0,0,1000,,,,0,,,"21,50",,,,,,,id:949,,,,,,0,Gewicht,1000g,,1,,Mahlung,"ganze Bohne",,1,,,,,,,,,,,,,,,,,,,,,,,,,,,,,,,,,,,,,,,,,,,,,,,,,,,,,,,,,,0.0001,,,,,,,,,,,,,,,,,,,,,,,,,,,,,,,,"Nr.1 „Einmal um die Welt“",
957,variation,,"Nr.1 „Einmal um die Welt“",1,0,search,,,,,taxable,parent,1,,,0,0,500,,,,0,,,"11,80",,,,,,,id:949,,,,,,0,Gewicht,500g,,1,,Mahlung,Siebträger,,1,,,,,,,,,,,,,,,,,,,,,,,,,,,,,,,,,,,,,,,,,,,,,,,,,,,,,,,,,,0.0001,,,,,,,,,,,,,,,,,,,,,,,,,,,,,,,,"Nr.1 „Einmal um die Welt“",
958,variation,,"Nr.1 „Einmal um die Welt“",1,0,search,,,,,taxable,parent,1,,,0,0,500,,,,0,,,"11,80",,,,,,,id:949,,,,,,0,Gewicht,500g,,1,,Mahlung,Stempelkanne,,1,,,,,,,,,,,,,,,,,,,,,,,,,,,,,,,,,,,,,,,,,,,,,,,,,,,,,,,,,,0.0001,,,,,,,,,,,,,,,,,,,,,,,,,,,,,,,,"Nr.1 „Einmal um die Welt“",
959,variation,,"Nr.1 „Einmal um die Welt“",1,0,search,,,,,taxable,parent,1,,,0,0,500,,,,0,,,"11,80",,,,,,,id:949,,,,,,0,Gewicht,500g,,1,,Mahlung,Herdkanne,,1,,,,,,,,,,,,,,,,,,,,,,,,,,,,,,,,,,,,,,,,,,,,,,,,,,,,,,,,,,0.0001,,,,,,,,,,,,,,,,,,,,,,,,,,,,,,,,"Nr.1 „Einmal um die Welt“",
960,variation,,"Nr.1 „Einmal um die Welt“",1,0,search,,,,,taxable,parent,1,,,0,0,500,,,,0,,,"11,80",,,,,,,id:949,,,,,,0,Gewicht,500g,,1,,Mahlung,Filter,,1,,,,,,,,,,,,,,,,,,,,,,,,,,,,,,,,,,,,,,,,,,,,,,,,,,,,,,,,,,0.0001,,,,,,,,,,,,,,,,,,,,,,,,,,,,,,,,"Nr.1 „Einmal um die Welt“",
961,variation,,"Nr.1 „Einmal um die Welt“",1,0,search,,,,,taxable,parent,1,,,0,0,500,,,,0,,,"11,80",,,,,,,id:949,,,,,,0,Gewicht,500g,,1,,Mahlung,"ganze Bohne",,1,,,,,,,,,,,,,,,,,,,,,,,,,,,,,,,,,,,,,,,,,,,,,,,,,,,,,,,,,,0.0001,,,,,,,,,,,,,,,,,,,,,,,,,,,,,,,,"Nr.1 „Einmal um die Welt“",
963,variation,,"Nr.1 „Einmal um die Welt“",1,0,search,,,,,taxable,parent,1,,,0,0,250,,,,0,,,"5,90",,,,,,,id:949,,,,,,0,Gewicht,250g,,1,,Mahlung,Siebträger,,1,,,,,,,,,,,,,,,,,,,,,,,,,,,,,,,,,,,,,,,,,,,,,,,,,,,,,,,,,,0.0001,,,,,,,,,,,,,,,,,,,,,,,,,,,,,,,,"Nr.1 „Einmal um die Welt“",
964,variation,,"Nr.1 „Einmal um die Welt“",1,0,search,,,,,taxable,parent,1,,,0,0,250,,,,0,,,"5,90",,,,,,,id:949,,,,,,0,Gewicht,250g,,1,,Mahlung,Stempelkanne,,1,,,,,,,,,,,,,,,,,,,,,,,,,,,,,,,,,,,,,,,,,,,,,,,,,,,,,,,,,,0.0001,,,,,,,,,,,,,,,,,,,,,,,,,,,,,,,,"Nr.1 „Einmal um die Welt“",
965,variation,,"Nr.1 „Einmal um die Welt“",1,0,search,,,,,taxable,parent,1,,,0,0,250,,,,0,,,"5,90",,,,,,,id:949,,,,,,0,Gewicht,250g,,1,,Mahlung,Herdkanne,,1,,,,,,,,,,,,,,,,,,,,,,,,,,,,,,,,,,,,,,,,,,,,,,,,,,,,,,,,,,0.0001,,,,,,,,,,,,,,,,,,,,,,,,,,,,,,,,"Nr.1 „Einmal um die Welt“",
966,variation,,"Nr.1 „Einmal um die Welt“",1,0,search,,,,,taxable,parent,1,,,0,0,250,,,,0,,,"5,90",,,,,,,id:949,,,,,,0,Gewicht,250g,,1,,Mahlung,Filter,,1,,,,,,,,,,,,,,,,,,,,,,,,,,,,,,,,,,,,,,,,,,,,,,,,,,,,,,,,,,0.0001,,,,,,,,,,,,,,,,,,,,,,,,,,,,,,,,"Nr.1 „Einmal um die Welt“",
967,variation,,"Nr.1 „Einmal um die Welt“",1,0,search,,,,,taxable,parent,1,,,0,0,250,,,,0,,,"5,90",,,,https://staging.our-working.space/wp-content/uploads/2016/07/Nr-1.png,,,id:949,,,,,,0,Gewicht,250g,,1,,Mahlung,"ganze Bohne",,1,,,,,,,,,,,,,,,,,,,,,,,,,,,,,,,,,,,,,,,,,,,,,,,,,,,,,,,,,,0.0001,,,,,,,,,,,,,,,,,,,,,,,,,,,,,,,,"Nr.1 „Einmal um die Welt“",1
1757,variable,,"Nr.1 „kräftig“",1,0,search,"Arabicas aus Brasilien, Äthiopien und Indonesien","Diese Mischung besteht aus den gleichen Kaffees wie die ""Nr. 1: Einmal um die Welt"", also aus brasilianischen, indonesischen und äthiopischen Arabicas. Sie ist allerdings dunkler geröstet. Dadurch wird sie kräftiger und herber im Geschmack.
\n
\nVor allem für die Zubereitung im Vollautomaten ist sie eine gute Alternative zur Nr. 1.
\n
\nFür welche Variante auch immer Sie sich entscheiden, die Reise ""Einmal um die Welt"" ist Ihnen in jedem Fall sicher.",,,taxable,reduced-rate,1,,,0,0,,,,,1,,,,"KAFFEE, KAFFEE > BLENDS","dunkel, Dunkelschokoladig, kräftig, rauchig, schokoladig, stark, süß",,https://staging.our-working.space/wp-content/uploads/2017/09/Nr-1_kraeftig-1.png,,,,,,,,,0,Gewicht,"250g, 500g, 1000g",1,1,250g,Mahlung,"ganze Bohne, Siebträger, Herdkanne, Filter, Stempelkanne",1,1,false,2,default,"Dunkelschokoladig, rauchig, kräftig","Insbesondere im Vollautomaten, aber natürlich auch im Siebträger",default,false,,#f7edde,true,true,true,false,,padding-medium,,#ffffff,,,,#ffffff,textaligncenter,transparent,full-image,,bg-static,false,,transparent,0.7,,,_blank,#ffffff,#9f403c,,,#ffffff,#9f403c,,,fade,true,true,self,,,,,,,,,#ffffff,#9f403c,,,0.0001,5.90,21.50,1775,1763,5.90,21.50,1775,1763,,,,,,,,,,,,0,'-1,'-2,,cm,,,cm,,,,no,,
1759,variation,,"Nr.1 „kräftig“",1,0,search,,,,,taxable,parent,1,,,0,0,1000,,,,0,,,"21,50",,,,,,,id:1757,,,,,,0,Gewicht,1000g,,1,,Mahlung,Stempelkanne,,1,,,,,,,,,,,,,,,,,,,,,,,,,,,,,,,,,,,,,,,,,,,,,,,,,,,,,,,,,,0.0001,,,,,,,,,,,,,,,,,,,,,,,,,,,,,,,,"Nr.1 „kräftig“",
1760,variation,,"Nr.1 „kräftig“",1,0,search,,,,,taxable,parent,1,,,0,0,1000,,,,0,,,"21,50",,,,,,,id:1757,,,,,,0,Gewicht,1000g,,1,,Mahlung,Filter,,1,,,,,,,,,,,,,,,,,,,,,,,,,,,,,,,,,,,,,,,,,,,,,,,,,,,,,,,,,,0.0001,,,,,,,,,,,,,,,,,,,,,,,,,,,,,,,,"Nr.1 „kräftig“",
1761,variation,,"Nr.1 „kräftig“",1,0,search,,,,,taxable,parent,1,,,0,0,1000,,,,0,,,"21,50",,,,,,,id:1757,,,,,,0,Gewicht,1000g,,1,,Mahlung,Herdkanne,,1,,,,,,,,,,,,,,,,,,,,,,,,,,,,,,,,,,,,,,,,,,,,,,,,,,,,,,,,,,0.0001,,,,,,,,,,,,,,,,,,,,,,,,,,,,,,,,"Nr.1 „kräftig“",
1762,variation,,"Nr.1 „kräftig“",1,0,search,,,,,taxable,parent,1,,,0,0,1000,,,,0,,,"21,50",,,,,,,id:1757,,,,,,0,Gewicht,1000g,,1,,Mahlung,Siebträger,,1,,,,,,,,,,,,,,,,,,,,,,,,,,,,,,,,,,,,,,,,,,,,,,,,,,,,,,,,,,0.0001,,,,,,,,,,,,,,,,,,,,,,,,,,,,,,,,"Nr.1 „kräftig“",
1763,variation,,"Nr.1 „kräftig“",1,0,search,,,,,taxable,parent,1,,,0,0,1000,,,,0,,,"21,50",,,,,,,id:1757,,,,,,0,Gewicht,1000g,,1,,Mahlung,"ganze Bohne",,1,,,,,,,,,,,,,,,,,,,,,,,,,,,,,,,,,,,,,,,,,,,,,,,,,,,,,,,,,,0.0001,,,,,,,,,,,,,,,,,,,,,,,,,,,,,,,,"Nr.1 „kräftig“",
1765,variation,,"Nr.1 „kräftig“",1,0,search,,,,,taxable,parent,1,,,0,0,500,,,,0,,,"11,80",,,,,,,id:1757,,,,,,0,Gewicht,500g,,1,,Mahlung,Stempelkanne,,1,,,,,,,,,,,,,,,,,,,,,,,,,,,,,,,,,,,,,,,,,,,,,,,,,,,,,,,,,,0.0001,,,,,,,,,,,,,,,,,,,,,,,,,,,,,,,,"Nr.1 „kräftig“",
1766,variation,,"Nr.1 „kräftig“",1,0,search,,,,,taxable,parent,1,,,0,0,500,,,,0,,,"11,80",,,,,,,id:1757,,,,,,0,Gewicht,500g,,1,,Mahlung,Filter,,1,,,,,,,,,,,,,,,,,,,,,,,,,,,,,,,,,,,,,,,,,,,,,,,,,,,,,,,,,,0.0001,,,,,,,,,,,,,,,,,,,,,,,,,,,,,,,,"Nr.1 „kräftig“",
1767,variation,,"Nr.1 „kräftig“",1,0,search,,,,,taxable,parent,1,,,0,0,500,,,,0,,,"11,80",,,,,,,id:1757,,,,,,0,Gewicht,500g,,1,,Mahlung,Herdkanne,,1,,,,,,,,,,,,,,,,,,,,,,,,,,,,,,,,,,,,,,,,,,,,,,,,,,,,,,,,,,0.0001,,,,,,,,,,,,,,,,,,,,,,,,,,,,,,,,"Nr.1 „kräftig“",
1768,variation,,"Nr.1 „kräftig“",1,0,search,,,,,taxable,parent,1,,,0,0,500,,,,0,,,"11,80",,,,,,,id:1757,,,,,,0,Gewicht,500g,,1,,Mahlung,Siebträger,,1,,,,,,,,,,,,,,,,,,,,,,,,,,,,,,,,,,,,,,,,,,,,,,,,,,,,,,,,,,0.0001,,,,,,,,,,,,,,,,,,,,,,,,,,,,,,,,"Nr.1 „kräftig“",
1769,variation,,"Nr.1 „kräftig“",1,0,search,,,,,taxable,parent,1,,,0,0,500,,,,0,,,"11,80",,,,,,,id:1757,,,,,,0,Gewicht,500g,,1,,Mahlung,"ganze Bohne",,1,,,,,,,,,,,,,,,,,,,,,,,,,,,,,,,,,,,,,,,,,,,,,,,,,,,,,,,,,,0.0001,,,,,,,,,,,,,,,,,,,,,,,,,,,,,,,,"Nr.1 „kräftig“",
1771,variation,,"Nr.1 „kräftig“",1,0,search,,,,,taxable,parent,1,,,0,0,250,,,,0,,,"5,90",,,,,,,id:1757,,,,,,0,Gewicht,250g,,1,,Mahlung,Stempelkanne,,1,,,,,,,,,,,,,,,,,,,,,,,,,,,,,,,,,,,,,,,,,,,,,,,,,,,,,,,,,,0.0001,,,,,,,,,,,,,,,,,,,,,,,,,,,,,,,,"Nr.1 „kräftig“",
1772,variation,,"Nr.1 „kräftig“",1,0,search,,,,,taxable,parent,1,,,0,0,250,,,,0,,,"5,90",,,,,,,id:1757,,,,,,0,Gewicht,250g,,1,,Mahlung,Filter,,1,,,,,,,,,,,,,,,,,,,,,,,,,,,,,,,,,,,,,,,,,,,,,,,,,,,,,,,,,,0.0001,,,,,,,,,,,,,,,,,,,,,,,,,,,,,,,,"Nr.1 „kräftig“",
1773,variation,,"Nr.1 „kräftig“",1,0,search,,,,,taxable,parent,1,,,0,0,250,,,,0,,,"5,90",,,,,,,id:1757,,,,,,0,Gewicht,250g,,1,,Mahlung,Herdkanne,,1,,,,,,,,,,,,,,,,,,,,,,,,,,,,,,,,,,,,,,,,,,,,,,,,,,,,,,,,,,0.0001,,,,,,,,,,,,,,,,,,,,,,,,,,,,,,,,"Nr.1 „kräftig“",
1774,variation,,"Nr.1 „kräftig“",1,0,search,,,,,taxable,parent,1,,,0,0,250,,,,0,,,"5,90",,,,,,,id:1757,,,,,,0,Gewicht,250g,,1,,Mahlung,Siebträger,,1,,,,,,,,,,,,,,,,,,,,,,,,,,,,,,,,,,,,,,,,,,,,,,,,,,,,,,,,,,0.0001,,,,,,,,,,,,,,,,,,,,,,,,,,,,,,,,"Nr.1 „kräftig“",
1775,variation,,"Nr.1 „kräftig“",1,0,search,,,,,taxable,parent,1,,,0,0,250,,,,0,,,"5,90",,,,https://staging.our-working.space/wp-content/uploads/2017/09/Nr-1_kraeftig-1.png,,,id:1757,,,,,,0,Gewicht,250g,,1,,Mahlung,"ganze Bohne",,1,,,,,,,,,,,,,,,,,,,,,,,,,,,,,,,,,,,,,,,,,,,,,,,,,,,,,,,,,,0.0001,,,,,,,,,,,,,,,,,,,,,,,,,,,,,,,,"Nr.1 „kräftig“",1
1798,variable,,"Nr.2 „Die Wiege des Kaffees“",1,0,search,"Arabicas aus Äthiopien und Kolumbien","Die Mischung basiert auf äthiopischem Waldkaffee und wird durch die feinen Aromen kolumbianischer Arabicas abgerundet.
\n
\nDas Hochland Äthiopiens gilt als Ursprungsgebiet des Kaffees. Der in der Region Kaffa wachsende Kaffee ist außergewöhnlich vollmundig mit würzigen Noten von Nuss, gebrannter Mandel und Beeren. Ergänzt durch die schokoladig-buttrigen Aromen des kolumbianischen Kaffees ergibt sich ein wunderbar weicher, runder und gleichzeitig sehr intensiver Kaffee, der sowohl als Espresso als auch als Cappuccino himmlisch ist.
\n
\nLassen Sie sich entführen zu den Ursprüngen, also in „die Wiege des Kaffees“.",,,taxable,reduced-rate,1,,,0,0,,,,,1,,,,"KAFFEE, KAFFEE > BLENDS","dunkle Beeren, fruchtig, gehaltvoll, Karamellig, mandelig, schokoladig, stark, voller Körper",,https://staging.our-working.space/wp-content/uploads/2017/09/Nr-2-1-e1510573570584.png,,,,,,,,,0,Gewicht,"250g, 500g, 1000g",1,1,250g,Mahlung,"ganze Bohne, Siebträger, Herdkanne, Filter, Stempelkanne",1,1,false,2,default,"Karamellig, mandelig, schokoladig, dunkle Beeren, voller Körper","Als Espresso im Siebträger",default,false,,#f7edde,true,true,true,false,,padding-medium,,#ffffff,,,,#ffffff,textaligncenter,transparent,full-image,,bg-static,false,,transparent,0.7,,,_blank,#ffffff,#9f403c,,,#ffffff,#9f403c,,,fade,true,true,self,,,,,,,,,#ffffff,#9f403c,,,0.0001,6.90,25.50,1808,1813,6.90,25.50,1808,1813,,,,,,,,,,,,0,'-1,'-2,,cm,,,cm,,,,no,,
1799,variation,,"Nr.2 „Die Wiege des Kaffees“",1,0,search,,,,,taxable,parent,1,,,0,0,500,,,,0,,,"13,80",,,,,,,id:1798,,,,,,0,Gewicht,500g,,1,,Mahlung,Stempelkanne,,1,,,,,,,,,,,,,,,,,,,,,,,,,,,,,,,,,,,,,,,,,,,,,,,,,,,,,,,,,,0.0001,,,,,,,,,,,,,,,,,,,,,,,,,,,,,,,,"Nr.2 „Die Wiege des Kaffees“",
1800,variation,,"Nr.2 „Die Wiege des Kaffees“",1,0,search,,,,,taxable,parent,1,,,0,0,500,,,,0,,,"13,80",,,,,,,id:1798,,,,,,0,Gewicht,500g,,1,,Mahlung,Filter,,1,,,,,,,,,,,,,,,,,,,,,,,,,,,,,,,,,,,,,,,,,,,,,,,,,,,,,,,,,,0.0001,,,,,,,,,,,,,,,,,,,,,,,,,,,,,,,,"Nr.2 „Die Wiege des Kaffees“",
1801,variation,,"Nr.2 „Die Wiege des Kaffees“",1,0,search,,,,,taxable,parent,1,,,0,0,500,,,,0,,,"13,80",,,,,,,id:1798,,,,,,0,Gewicht,500g,,1,,Mahlung,Herdkanne,,1,,,,,,,,,,,,,,,,,,,,,,,,,,,,,,,,,,,,,,,,,,,,,,,,,,,,,,,,,,0.0001,,,,,,,,,,,,,,,,,,,,,,,,,,,,,,,,"Nr.2 „Die Wiege des Kaffees“",
1802,variation,,"Nr.2 „Die Wiege des Kaffees“",1,0,search,,,,,taxable,parent,1,,,0,0,500,,,,0,,,"13,80",,,,,,,id:1798,,,,,,0,Gewicht,500g,,1,,Mahlung,Siebträger,,1,,,,,,,,,,,,,,,,,,,,,,,,,,,,,,,,,,,,,,,,,,,,,,,,,,,,,,,,,,0.0001,,,,,,,,,,,,,,,,,,,,,,,,,,,,,,,,"Nr.2 „Die Wiege des Kaffees“",
1803,variation,,"Nr.2 „Die Wiege des Kaffees“",1,0,search,,,,,taxable,parent,1,,,0,0,500,,,,0,,,"13,80",,,,,,,id:1798,,,,,,0,Gewicht,500g,,1,,Mahlung,"ganze Bohne",,1,,,,,,,,,,,,,,,,,,,,,,,,,,,,,,,,,,,,,,,,,,,,,,,,,,,,,,,,,,0.0001,,,,,,,,,,,,,,,,,,,,,,,,,,,,,,,,"Nr.2 „Die Wiege des Kaffees“",
1804,variation,,"Nr.2 „Die Wiege des Kaffees“",1,0,search,,,,,taxable,parent,1,,,0,0,250,,,,0,,,"6,90",,,,,,,id:1798,,,,,,0,Gewicht,250g,,1,,Mahlung,Stempelkanne,,1,,,,,,,,,,,,,,,,,,,,,,,,,,,,,,,,,,,,,,,,,,,,,,,,,,,,,,,,,,0.0001,,,,,,,,,,,,,,,,,,,,,,,,,,,,,,,,"Nr.2 „Die Wiege des Kaffees“",
1805,variation,,"Nr.2 „Die Wiege des Kaffees“",1,0,search,,,,,taxable,parent,1,,,0,0,250,,,,0,,,"6,90",,,,,,,id:1798,,,,,,0,Gewicht,250g,,1,,Mahlung,Filter,,1,,,,,,,,,,,,,,,,,,,,,,,,,,,,,,,,,,,,,,,,,,,,,,,,,,,,,,,,,,0.0001,,,,,,,,,,,,,,,,,,,,,,,,,,,,,,,,"Nr.2 „Die Wiege des Kaffees“",
1806,variation,,"Nr.2 „Die Wiege des Kaffees“",1,0,search,,,,,taxable,parent,1,,,0,0,250,,,,0,,,"6,90",,,,,,,id:1798,,,,,,0,Gewicht,250g,,1,,Mahlung,Herdkanne,,1,,,,,,,,,,,,,,,,,,,,,,,,,,,,,,,,,,,,,,,,,,,,,,,,,,,,,,,,,,0.0001,,,,,,,,,,,,,,,,,,,,,,,,,,,,,,,,"Nr.2 „Die Wiege des Kaffees“",
1807,variation,,"Nr.2 „Die Wiege des Kaffees“",1,0,search,,,,,taxable,parent,1,,,0,0,250,,,,0,,,"6,90",,,,,,,id:1798,,,,,,0,Gewicht,250g,,1,,Mahlung,Siebträger,,1,,,,,,,,,,,,,,,,,,,,,,,,,,,,,,,,,,,,,,,,,,,,,,,,,,,,,,,,,,0.0001,,,,,,,,,,,,,,,,,,,,,,,,,,,,,,,,"Nr.2 „Die Wiege des Kaffees“",
1808,variation,,"Nr.2 „Die Wiege des Kaffees“",1,0,search,,,,,taxable,parent,1,,,0,0,250,,,,0,,,"6,90",,,,https://staging.our-working.space/wp-content/uploads/2017/09/Nr-2-1-e1510573570584.png,,,id:1798,,,,,,0,Gewicht,250g,,1,,Mahlung,"ganze Bohne",,1,,,,,,,,,,,,,,,,,,,,,,,,,,,,,,,,,,,,,,,,,,,,,,,,,,,,,,,,,,0.0001,,,,,,,,,,,,,,,,,,,,,,,,,,,,,,,,"Nr.2 „Die Wiege des Kaffees“",1
1809,variation,,"Nr.2 „Die Wiege des Kaffees“",1,0,search,,,,,taxable,parent,1,,,0,0,1000,,,,0,,,"25,50",,,,,,,id:1798,,,,,,0,Gewicht,1000g,,1,,Mahlung,Herdkanne,,1,,,,,,,,,,,,,,,,,,,,,,,,,,,,,,,,,,,,,,,,,,,,,,,,,,,,,,,,,,0.0001,,,,,,,,,,,,,,,,,,,,,,,,,,,,,,,,"Nr.2 „Die Wiege des Kaffees“",
1810,variation,,"Nr.2 „Die Wiege des Kaffees“",1,0,search,,,,,taxable,parent,1,,,0,0,1000,,,,0,,,"25,50",,,,,,,id:1798,,,,,,0,Gewicht,1000g,,1,,Mahlung,Siebträger,,1,,,,,,,,,,,,,,,,,,,,,,,,,,,,,,,,,,,,,,,,,,,,,,,,,,,,,,,,,,0.0001,,,,,,,,,,,,,,,,,,,,,,,,,,,,,,,,"Nr.2 „Die Wiege des Kaffees“",
1811,variation,,"Nr.2 „Die Wiege des Kaffees“",1,0,search,,,,,taxable,parent,1,,,0,0,1000,,,,0,,,"25,50",,,,,,,id:1798,,,,,,0,Gewicht,1000g,,1,,Mahlung,"ganze Bohne",,1,,,,,,,,,,,,,,,,,,,,,,,,,,,,,,,,,,,,,,,,,,,,,,,,,,,,,,,,,,0.0001,,,,,,,,,,,,,,,,,,,,,,,,,,,,,,,,"Nr.2 „Die Wiege des Kaffees“",
1812,variation,,"Nr.2 „Die Wiege des Kaffees“",1,0,search,,,,,taxable,parent,1,,,0,0,1000,,,,0,,,"25,50",,,,,,,id:1798,,,,,,0,Gewicht,1000g,,1,,Mahlung,Filter,,1,,,,,,,,,,,,,,,,,,,,,,,,,,,,,,,,,,,,,,,,,,,,,,,,,,,,,,,,,,0.0001,,,,,,,,,,,,,,,,,,,,,,,,,,,,,,,,"Nr.2 „Die Wiege des Kaffees“",
1813,variation,,"Nr.2 „Die Wiege des Kaffees“",1,0,search,,,,,taxable,parent,1,,,0,0,1000,,,,0,,,"25,50",,,,,,,id:1798,,,,,,0,Gewicht,1000g,,1,,Mahlung,Stempelkanne,,1,,,,,,,,,,,,,,,,,,,,,,,,,,,,,,,,,,,,,,,,,,,,,,,,,,,,,,,,,,0.0001,,,,,,,,,,,,,,,,,,,,,,,,,,,,,,,,"Nr.2 „Die Wiege des Kaffees“",
1814,variable,,"Nr.3 „Indien Summer""",1,0,search,"Arabicas und Robustas aus Indien","Unsere erste Mischung mit Robusta-Anteil. Eine rein indische Komposition mit verschiedenen Röstungen des „Indien monsooned Malabar“ und einem Robusta Parchment: Milde und Weichheit gepaart mit Würze und Kraft.
\n
\nDer „Indien monsooned Malabar“ ist ein außergewöhnlich weicher und säurearmer Kaffee mit nussigen und getreidigen Tönen. Ergänzt wird er durch die feine Würze und den kraftvollen Körper des qualitativ sehr hochwertigen Robusta Kaffees. Dieser wird nämlich, was für einen Robusta Kaffee ungewöhlich ist, aufwendig „gewaschen“, mit Sorgfalt sortiert und an der Sonne getrocknet.
\n
\nDas Ergebnis: ein „indischer (Sommer-)Traum“!",,,taxable,reduced-rate,1,,,0,0,,,,,1,,,,"KAFFEE, KAFFEE > BLENDS","cremig, getreidig, nussig, süß, voller Körper, Würzig",,https://staging.our-working.space/wp-content/uploads/2017/09/Nr-3.png,,,,,,,,,0,Gewicht,"250g, 500g, 1000g",1,1,250g,Mahlung,"ganze Bohne, Siebträger, Herdkanne, Filter, Stempelkanne",1,1,false,2,default,"Süß, cremig, getreidig, nussig, würzig, voller Körper","Als Espresso im Siebträger oder Vollautomaten",default,false,,#f7edde,true,true,true,false,,padding-medium,,#ffffff,,,,#ffffff,textaligncenter,transparent,full-image,,bg-static,false,,transparent,0.7,,,_blank,#ffffff,#9f403c,,,#ffffff,#9f403c,,,fade,true,true,self,,,,,,,,,#ffffff,#9f403c,,,0.0001,6.40,23.50,1829,1823,6.40,23.50,1829,1823,,,,,,,,,,,,0,'-1,'-2,,cm,,,cm,,,,no,,
1815,variation,,"Nr.3 „Indien Summer“",1,0,search,,,,,taxable,parent,1,,,0,0,250,,,,0,,,"6,40",,,,,,,id:1814,,,,,,0,Gewicht,250g,,1,,Mahlung,Filter,,1,,,,,,,,,,,,,,,,,,,,,,,,,,,,,,,,,,,,,,,,,,,,,,,,,,,,,,,,,,0.0001,,,,,,,,,,,,,,,,,,,,,,,,,,,,,,,,"Nr.3 „Indien Summer“",
951,variation,,"Nr.1 „Einmal um die Welt“",1,0,search,,,,,taxable,parent,1,,,0,0,1000,,,,0,,,"21,50",,,,,,,id:949,,,,,,0,Gewicht,1000g,,1,,Mahlung,Siebträger,,1,,,,,,,,,,,,,,,,,,,,,,,,,,,,,,,,,,,,,,,,,,,,,,,,,,,,,,,,,,0.0001,,,,,,,,,,,,,,,,,,,,,,,,,,,,,,,,"Nr.1 „Einmal um die Welt“",
952,variation,,"Nr.1 „Einmal um die Welt“",1,0,search,,,,,taxable,parent,1,,,0,0,1000,,,,0,,,"21,50",,,,,,,id:949,,,,,,0,Gewicht,1000g,,1,,Mahlung,Stempelkanne,,1,,,,,,,,,,,,,,,,,,,,,,,,,,,,,,,,,,,,,,,,,,,,,,,,,,,,,,,,,,0.0001,,,,,,,,,,,,,,,,,,,,,,,,,,,,,,,,"Nr.1 „Einmal um die Welt“",
953,variation,,"Nr.1 „Einmal um die Welt“",1,0,search,,,,,taxable,parent,1,,,0,0,1000,,,,0,,,"21,50",,,,,,,id:949,,,,,,0,Gewicht,1000g,,1,,Mahlung,Herdkanne,,1,,,,,,,,,,,,,,,,,,,,,,,,,,,,,,,,,,,,,,,,,,,,,,,,,,,,,,,,,,0.0001,,,,,,,,,,,,,,,,,,,,,,,,,,,,,,,,"Nr.1 „Einmal um die Welt“",
954,variation,,"Nr.1 „Einmal um die Welt“",1,0,search,,,,,taxable,parent,1,,,0,0,1000,,,,0,,,"21,50",,,,,,,id:949,,,,,,0,Gewicht,1000g,,1,,Mahlung,Filter,,1,,,,,,,,,,,,,,,,,,,,,,,,,,,,,,,,,,,,,,,,,,,,,,,,,,,,,,,,,,0.0001,,,,,,,,,,,,,,,,,,,,,,,,,,,,,,,,"Nr.1 „Einmal um die Welt“",
955,variation,,"Nr.1 „Einmal um die Welt“",1,0,search,,,,,taxable,parent,1,,,0,0,1000,,,,0,,,"21,50",,,,,,,id:949,,,,,,0,Gewicht,1000g,,1,,Mahlung,"ganze Bohne",,1,,,,,,,,,,,,,,,,,,,,,,,,,,,,,,,,,,,,,,,,,,,,,,,,,,,,,,,,,,0.0001,,,,,,,,,,,,,,,,,,,,,,,,,,,,,,,,"Nr.1 „Einmal um die Welt“",
957,variation,,"Nr.1 „Einmal um die Welt“",1,0,search,,,,,taxable,parent,1,,,0,0,500,,,,0,,,"11,80",,,,,,,id:949,,,,,,0,Gewicht,500g,,1,,Mahlung,Siebträger,,1,,,,,,,,,,,,,,,,,,,,,,,,,,,,,,,,,,,,,,,,,,,,,,,,,,,,,,,,,,0.0001,,,,,,,,,,,,,,,,,,,,,,,,,,,,,,,,"Nr.1 „Einmal um die Welt“",
958,variation,,"Nr.1 „Einmal um die Welt“",1,0,search,,,,,taxable,parent,1,,,0,0,500,,,,0,,,"11,80",,,,,,,id:949,,,,,,0,Gewicht,500g,,1,,Mahlung,Stempelkanne,,1,,,,,,,,,,,,,,,,,,,,,,,,,,,,,,,,,,,,,,,,,,,,,,,,,,,,,,,,,,0.0001,,,,,,,,,,,,,,,,,,,,,,,,,,,,,,,,"Nr.1 „Einmal um die Welt“",
959,variation,,"Nr.1 „Einmal um die Welt“",1,0,search,,,,,taxable,parent,1,,,0,0,500,,,,0,,,"11,80",,,,,,,id:949,,,,,,0,Gewicht,500g,,1,,Mahlung,Herdkanne,,1,,,,,,,,,,,,,,,,,,,,,,,,,,,,,,,,,,,,,,,,,,,,,,,,,,,,,,,,,,0.0001,,,,,,,,,,,,,,,,,,,,,,,,,,,,,,,,"Nr.1 „Einmal um die Welt“",
960,variation,,"Nr.1 „Einmal um die Welt“",1,0,search,,,,,taxable,parent,1,,,0,0,500,,,,0,,,"11,80",,,,,,,id:949,,,,,,0,Gewicht,500g,,1,,Mahlung,Filter,,1,,,,,,,,,,,,,,,,,,,,,,,,,,,,,,,,,,,,,,,,,,,,,,,,,,,,,,,,,,0.0001,,,,,,,,,,,,,,,,,,,,,,,,,,,,,,,,"Nr.1 „Einmal um die Welt“",
961,variation,,"Nr.1 „Einmal um die Welt“",1,0,search,,,,,taxable,parent,1,,,0,0,500,,,,0,,,"11,80",,,,,,,id:949,,,,,,0,Gewicht,500g,,1,,Mahlung,"ganze Bohne",,1,,,,,,,,,,,,,,,,,,,,,,,,,,,,,,,,,,,,,,,,,,,,,,,,,,,,,,,,,,0.0001,,,,,,,,,,,,,,,,,,,,,,,,,,,,,,,,"Nr.1 „Einmal um die Welt“",
963,variation,,"Nr.1 „Einmal um die Welt“",1,0,search,,,,,taxable,parent,1,,,0,0,250,,,,0,,,"5,90",,,,,,,id:949,,,,,,0,Gewicht,250g,,1,,Mahlung,Siebträger,,1,,,,,,,,,,,,,,,,,,,,,,,,,,,,,,,,,,,,,,,,,,,,,,,,,,,,,,,,,,0.0001,,,,,,,,,,,,,,,,,,,,,,,,,,,,,,,,"Nr.1 „Einmal um die Welt“",
964,variation,,"Nr.1 „Einmal um die Welt“",1,0,search,,,,,taxable,parent,1,,,0,0,250,,,,0,,,"5,90",,,,,,,id:949,,,,,,0,Gewicht,250g,,1,,Mahlung,Stempelkanne,,1,,,,,,,,,,,,,,,,,,,,,,,,,,,,,,,,,,,,,,,,,,,,,,,,,,,,,,,,,,0.0001,,,,,,,,,,,,,,,,,,,,,,,,,,,,,,,,"Nr.1 „Einmal um die Welt“",
965,variation,,"Nr.1 „Einmal um die Welt“",1,0,search,,,,,taxable,parent,1,,,0,0,250,,,,0,,,"5,90",,,,,,,id:949,,,,,,0,Gewicht,250g,,1,,Mahlung,Herdkanne,,1,,,,,,,,,,,,,,,,,,,,,,,,,,,,,,,,,,,,,,,,,,,,,,,,,,,,,,,,,,0.0001,,,,,,,,,,,,,,,,,,,,,,,,,,,,,,,,"Nr.1 „Einmal um die Welt“",
966,variation,,"Nr.1 „Einmal um die Welt“",1,0,search,,,,,taxable,parent,1,,,0,0,250,,,,0,,,"5,90",,,,,,,id:949,,,,,,0,Gewicht,250g,,1,,Mahlung,Filter,,1,,,,,,,,,,,,,,,,,,,,,,,,,,,,,,,,,,,,,,,,,,,,,,,,,,,,,,,,,,0.0001,,,,,,,,,,,,,,,,,,,,,,,,,,,,,,,,"Nr.1 „Einmal um die Welt“",
967,variation,,"Nr.1 „Einmal um die Welt“",1,0,search,,,,,taxable,parent,1,,,0,0,250,,,,0,,,"5,90",,,,https://staging.our-working.space/wp-content/uploads/2016/07/Nr-1.png,,,id:949,,,,,,0,Gewicht,250g,,1,,Mahlung,"ganze Bohne",,1,,,,,,,,,,,,,,,,,,,,,,,,,,,,,,,,,,,,,,,,,,,,,,,,,,,,,,,,,,0.0001,,,,,,,,,,,,,,,,,,,,,,,,,,,,,,,,"Nr.1 „Einmal um die Welt“",1
1765,variation,,"Nr.1 „kräftig“",1,0,search,,,,,taxable,parent,1,,,0,0,500,,,,0,,,"11,80",,,,,,,id:1757,,,,,,0,Gewicht,500g,,1,,Mahlung,Stempelkanne,,1,,,,,,,,,,,,,,,,,,,,,,,,,,,,,,,,,,,,,,,,,,,,,,,,,,,,,,,,,,0.0001,,,,,,,,,,,,,,,,,,,,,,,,,,,,,,,,"Nr.1 „kräftig“",
1766,variation,,"Nr.1 „kräftig“",1,0,search,,,,,taxable,parent,1,,,0,0,500,,,,0,,,"11,80",,,,,,,id:1757,,,,,,0,Gewicht,500g,,1,,Mahlung,Filter,,1,,,,,,,,,,,,,,,,,,,,,,,,,,,,,,,,,,,,,,,,,,,,,,,,,,,,,,,,,,0.0001,,,,,,,,,,,,,,,,,,,,,,,,,,,,,,,,"Nr.1 „kräftig“",
1767,variation,,"Nr.1 „kräftig“",1,0,search,,,,,taxable,parent,1,,,0,0,500,,,,0,,,"11,80",,,,,,,id:1757,,,,,,0,Gewicht,500g,,1,,Mahlung,Herdkanne,,1,,,,,,,,,,,,,,,,,,,,,,,,,,,,,,,,,,,,,,,,,,,,,,,,,,,,,,,,,,0.0001,,,,,,,,,,,,,,,,,,,,,,,,,,,,,,,,"Nr.1 „kräftig“",
1768,variation,,"Nr.1 „kräftig“",1,0,search,,,,,taxable,parent,1,,,0,0,500,,,,0,,,"11,80",,,,,,,id:1757,,,,,,0,Gewicht,500g,,1,,Mahlung,Siebträger,,1,,,,,,,,,,,,,,,,,,,,,,,,,,,,,,,,,,,,,,,,,,,,,,,,,,,,,,,,,,0.0001,,,,,,,,,,,,,,,,,,,,,,,,,,,,,,,,"Nr.1 „kräftig“",
1769,variation,,"Nr.1 „kräftig“",1,0,search,,,,,taxable,parent,1,,,0,0,500,,,,0,,,"11,80",,,,,,,id:1757,,,,,,0,Gewicht,500g,,1,,Mahlung,"ganze Bohne",,1,,,,,,,,,,,,,,,,,,,,,,,,,,,,,,,,,,,,,,,,,,,,,,,,,,,,,,,,,,0.0001,,,,,,,,,,,,,,,,,,,,,,,,,,,,,,,,"Nr.1 „kräftig“",
1771,variation,,"Nr.1 „kräftig“",1,0,search,,,,,taxable,parent,1,,,0,0,250,,,,0,,,"5,90",,,,,,,id:1757,,,,,,0,Gewicht,250g,,1,,Mahlung,Stempelkanne,,1,,,,,,,,,,,,,,,,,,,,,,,,,,,,,,,,,,,,,,,,,,,,,,,,,,,,,,,,,,0.0001,,,,,,,,,,,,,,,,,,,,,,,,,,,,,,,,"Nr.1 „kräftig“",
1772,variation,,"Nr.1 „kräftig“",1,0,search,,,,,taxable,parent,1,,,0,0,250,,,,0,,,"5,90",,,,,,,id:1757,,,,,,0,Gewicht,250g,,1,,Mahlung,Filter,,1,,,,,,,,,,,,,,,,,,,,,,,,,,,,,,,,,,,,,,,,,,,,,,,,,,,,,,,,,,0.0001,,,,,,,,,,,,,,,,,,,,,,,,,,,,,,,,"Nr.1 „kräftig“",
1773,variation,,"Nr.1 „kräftig“",1,0,search,,,,,taxable,parent,1,,,0,0,250,,,,0,,,"5,90",,,,,,,id:1757,,,,,,0,Gewicht,250g,,1,,Mahlung,Herdkanne,,1,,,,,,,,,,,,,,,,,,,,,,,,,,,,,,,,,,,,,,,,,,,,,,,,,,,,,,,,,,0.0001,,,,,,,,,,,,,,,,,,,,,,,,,,,,,,,,"Nr.1 „kräftig“",
1774,variation,,"Nr.1 „kräftig“",1,0,search,,,,,taxable,parent,1,,,0,0,250,,,,0,,,"5,90",,,,,,,id:1757,,,,,,0,Gewicht,250g,,1,,Mahlung,Siebträger,,1,,,,,,,,,,,,,,,,,,,,,,,,,,,,,,,,,,,,,,,,,,,,,,,,,,,,,,,,,,0.0001,,,,,,,,,,,,,,,,,,,,,,,,,,,,,,,,"Nr.1 „kräftig“",
1775,variation,,"Nr.1 „kräftig“",1,0,search,,,,,taxable,parent,1,,,0,0,250,,,,0,,,"5,90",,,,https://staging.our-working.space/wp-content/uploads/2017/09/Nr-1_kraeftig-1.png,,,id:1757,,,,,,0,Gewicht,250g,,1,,Mahlung,"ganze Bohne",,1,,,,,,,,,,,,,,,,,,,,,,,,,,,,,,,,,,,,,,,,,,,,,,,,,,,,,,,,,,0.0001,,,,,,,,,,,,,,,,,,,,,,,,,,,,,,,,"Nr.1 „kräftig“",1
1761,variation,,"Nr.1 „kräftig“",1,0,search,,,,,taxable,parent,1,,,0,0,1000,,,,0,,,"21,50",,,,,,,id:1757,,,,,,0,Gewicht,1000g,,1,,Mahlung,Herdkanne,,1,,,,,,,,,,,,,,,,,,,,,,,,,,,,,,,,,,,,,,,,,,,,,,,,,,,,,,,,,,0.0001,,,,,,,,,,,,,,,,,,,,,,,,,,,,,,,,"Nr.1 „kräftig“",
1762,variation,,"Nr.1 „kräftig“",1,0,search,,,,,taxable,parent,1,,,0,0,1000,,,,0,,,"21,50",,,,,,,id:1757,,,,,,0,Gewicht,1000g,,1,,Mahlung,Siebträger,,1,,,,,,,,,,,,,,,,,,,,,,,,,,,,,,,,,,,,,,,,,,,,,,,,,,,,,,,,,,0.0001,,,,,,,,,,,,,,,,,,,,,,,,,,,,,,,,"Nr.1 „kräftig“",
1763,variation,,"Nr.1 „kräftig“",1,0,search,,,,,taxable,parent,1,,,0,0,1000,,,,0,,,"21,50",,,,,,,id:1757,,,,,,0,Gewicht,1000g,,1,,Mahlung,"ganze Bohne",,1,,,,,,,,,,,,,,,,,,,,,,,,,,,,,,,,,,,,,,,,,,,,,,,,,,,,,,,,,,0.0001,,,,,,,,,,,,,,,,,,,,,,,,,,,,,,,,"Nr.1 „kräftig“",
1760,variation,,"Nr.1 „kräftig“",1,0,search,,,,,taxable,parent,1,,,0,0,1000,,,,0,,,"21,50",,,,,,,id:1757,,,,,,0,Gewicht,1000g,,1,,Mahlung,Filter,,1,,,,,,,,,,,,,,,,,,,,,,,,,,,,,,,,,,,,,,,,,,,,,,,,,,,,,,,,,,0.0001,,,,,,,,,,,,,,,,,,,,,,,,,,,,,,,,"Nr.1 „kräftig“",
1759,variation,,"Nr.1 „kräftig“",1,0,search,,,,,taxable,parent,1,,,0,0,1000,,,,0,,,"21,50",,,,,,,id:1757,,,,,,0,Gewicht,1000g,,1,,Mahlung,Stempelkanne,,1,,,,,,,,,,,,,,,,,,,,,,,,,,,,,,,,,,,,,,,,,,,,,,,,,,,,,,,,,,0.0001,,,,,,,,,,,,,,,,,,,,,,,,,,,,,,,,"Nr.1 „kräftig“",
1805,variation,,"Nr.2 „Die Wiege des Kaffees“",1,0,search,,,,,taxable,parent,1,,,0,0,250,,,,0,,,"6,90",,,,,,,id:1798,,,,,,0,Gewicht,250g,,1,,Mahlung,Filter,,1,,,,,,,,,,,,,,,,,,,,,,,,,,,,,,,,,,,,,,,,,,,,,,,,,,,,,,,,,,0.0001,,,,,,,,,,,,,,,,,,,,,,,,,,,,,,,,"Nr.2 „Die Wiege des Kaffees“",
1806,variation,,"Nr.2 „Die Wiege des Kaffees“",1,0,search,,,,,taxable,parent,1,,,0,0,250,,,,0,,,"6,90",,,,,,,id:1798,,,,,,0,Gewicht,250g,,1,,Mahlung,Herdkanne,,1,,,,,,,,,,,,,,,,,,,,,,,,,,,,,,,,,,,,,,,,,,,,,,,,,,,,,,,,,,0.0001,,,,,,,,,,,,,,,,,,,,,,,,,,,,,,,,"Nr.2 „Die Wiege des Kaffees“",
1807,variation,,"Nr.2 „Die Wiege des Kaffees“",1,0,search,,,,,taxable,parent,1,,,0,0,250,,,,0,,,"6,90",,,,,,,id:1798,,,,,,0,Gewicht,250g,,1,,Mahlung,Siebträger,,1,,,,,,,,,,,,,,,,,,,,,,,,,,,,,,,,,,,,,,,,,,,,,,,,,,,,,,,,,,0.0001,,,,,,,,,,,,,,,,,,,,,,,,,,,,,,,,"Nr.2 „Die Wiege des Kaffees“",
1808,variation,,"Nr.2 „Die Wiege des Kaffees“",1,0,search,,,,,taxable,parent,1,,,0,0,250,,,,0,,,"6,90",,,,https://staging.our-working.space/wp-content/uploads/2017/09/Nr-2-1-e1510573570584.png,,,id:1798,,,,,,0,Gewicht,250g,,1,,Mahlung,"ganze Bohne",,1,,,,,,,,,,,,,,,,,,,,,,,,,,,,,,,,,,,,,,,,,,,,,,,,,,,,,,,,,,0.0001,,,,,,,,,,,,,,,,,,,,,,,,,,,,,,,,"Nr.2 „Die Wiege des Kaffees“",1
1809,variation,,"Nr.2 „Die Wiege des Kaffees“",1,0,search,,,,,taxable,parent,1,,,0,0,1000,,,,0,,,"25,50",,,,,,,id:1798,,,,,,0,Gewicht,1000g,,1,,Mahlung,Herdkanne,,1,,,,,,,,,,,,,,,,,,,,,,,,,,,,,,,,,,,,,,,,,,,,,,,,,,,,,,,,,,0.0001,,,,,,,,,,,,,,,,,,,,,,,,,,,,,,,,"Nr.2 „Die Wiege des Kaffees“",
1810,variation,,"Nr.2 „Die Wiege des Kaffees“",1,0,search,,,,,taxable,parent,1,,,0,0,1000,,,,0,,,"25,50",,,,,,,id:1798,,,,,,0,Gewicht,1000g,,1,,Mahlung,Siebträger,,1,,,,,,,,,,,,,,,,,,,,,,,,,,,,,,,,,,,,,,,,,,,,,,,,,,,,,,,,,,0.0001,,,,,,,,,,,,,,,,,,,,,,,,,,,,,,,,"Nr.2 „Die Wiege des Kaffees“",
1811,variation,,"Nr.2 „Die Wiege des Kaffees“",1,0,search,,,,,taxable,parent,1,,,0,0,1000,,,,0,,,"25,50",,,,,,,id:1798,,,,,,0,Gewicht,1000g,,1,,Mahlung,"ganze Bohne",,1,,,,,,,,,,,,,,,,,,,,,,,,,,,,,,,,,,,,,,,,,,,,,,,,,,,,,,,,,,0.0001,,,,,,,,,,,,,,,,,,,,,,,,,,,,,,,,"Nr.2 „Die Wiege des Kaffees“",
1812,variation,,"Nr.2 „Die Wiege des Kaffees“",1,0,search,,,,,taxable,parent,1,,,0,0,1000,,,,0,,,"25,50",,,,,,,id:1798,,,,,,0,Gewicht,1000g,,1,,Mahlung,Filter,,1,,,,,,,,,,,,,,,,,,,,,,,,,,,,,,,,,,,,,,,,,,,,,,,,,,,,,,,,,,0.0001,,,,,,,,,,,,,,,,,,,,,,,,,,,,,,,,"Nr.2 „Die Wiege des Kaffees“",
1813,variation,,"Nr.2 „Die Wiege des Kaffees“",1,0,search,,,,,taxable,parent,1,,,0,0,1000,,,,0,,,"25,50",,,,,,,id:1798,,,,,,0,Gewicht,1000g,,1,,Mahlung,Stempelkanne,,1,,,,,,,,,,,,,,,,,,,,,,,,,,,,,,,,,,,,,,,,,,,,,,,,,,,,,,,,,,0.0001,,,,,,,,,,,,,,,,,,,,,,,,,,,,,,,,"Nr.2 „Die Wiege des Kaffees“",
1799,variation,,"Nr.2 „Die Wiege des Kaffees“",1,0,search,,,,,taxable,parent,1,,,0,0,500,,,,0,,,"13,80",,,,,,,id:1798,,,,,,0,Gewicht,500g,,1,,Mahlung,Stempelkanne,,1,,,,,,,,,,,,,,,,,,,,,,,,,,,,,,,,,,,,,,,,,,,,,,,,,,,,,,,,,,0.0001,,,,,,,,,,,,,,,,,,,,,,,,,,,,,,,,"Nr.2 „Die Wiege des Kaffees“",
1800,variation,,"Nr.2 „Die Wiege des Kaffees“",1,0,search,,,,,taxable,parent,1,,,0,0,500,,,,0,,,"13,80",,,,,,,id:1798,,,,,,0,Gewicht,500g,,1,,Mahlung,Filter,,1,,,,,,,,,,,,,,,,,,,,,,,,,,,,,,,,,,,,,,,,,,,,,,,,,,,,,,,,,,0.0001,,,,,,,,,,,,,,,,,,,,,,,,,,,,,,,,"Nr.2 „Die Wiege des Kaffees“",
1801,variation,,"Nr.2 „Die Wiege des Kaffees“",1,0,search,,,,,taxable,parent,1,,,0,0,500,,,,0,,,"13,80",,,,,,,id:1798,,,,,,0,Gewicht,500g,,1,,Mahlung,Herdkanne,,1,,,,,,,,,,,,,,,,,,,,,,,,,,,,,,,,,,,,,,,,,,,,,,,,,,,,,,,,,,0.0001,,,,,,,,,,,,,,,,,,,,,,,,,,,,,,,,"Nr.2 „Die Wiege des Kaffees“",
1802,variation,,"Nr.2 „Die Wiege des Kaffees“",1,0,search,,,,,taxable,parent,1,,,0,0,500,,,,0,,,"13,80",,,,,,,id:1798,,,,,,0,Gewicht,500g,,1,,Mahlung,Siebträger,,1,,,,,,,,,,,,,,,,,,,,,,,,,,,,,,,,,,,,,,,,,,,,,,,,,,,,,,,,,,0.0001,,,,,,,,,,,,,,,,,,,,,,,,,,,,,,,,"Nr.2 „Die Wiege des Kaffees“",
1803,variation,,"Nr.2 „Die Wiege des Kaffees“",1,0,search,,,,,taxable,parent,1,,,0,0,500,,,,0,,,"13,80",,,,,,,id:1798,,,,,,0,Gewicht,500g,,1,,Mahlung,"ganze Bohne",,1,,,,,,,,,,,,,,,,,,,,,,,,,,,,,,,,,,,,,,,,,,,,,,,,,,,,,,,,,,0.0001,,,,,,,,,,,,,,,,,,,,,,,,,,,,,,,,"Nr.2 „Die Wiege des Kaffees“",
1804,variation,,"Nr.2 „Die Wiege des Kaffees“",1,0,search,,,,,taxable,parent,1,,,0,0,250,,,,0,,,"6,90",,,,,,,id:1798,,,,,,0,Gewicht,250g,,1,,Mahlung,Stempelkanne,,1,,,,,,,,,,,,,,,,,,,,,,,,,,,,,,,,,,,,,,,,,,,,,,,,,,,,,,,,,,0.0001,,,,,,,,,,,,,,,,,,,,,,,,,,,,,,,,"Nr.2 „Die Wiege des Kaffees“",
1828,variation,,"Nr.3 „Indien Summer“",1,0,search,,,,,taxable,parent,1,,,0,0,500,,,,0,,,"12,80",,,,,,,id:1814,,,,,,0,Gewicht,500g,,1,,Mahlung,"ganze Bohne",,1,,,,,,,,,,,,,,,,,,,,,,,,,,,,,,,,,,,,,,,,,,,,,,,,,,,,,,,,,,0.0001,,,,,,,,,,,,,,,,,,,,,,,,,,,,,,,,"Nr.3 „Indien Summer“",
1829,variation,,"Nr.3 „Indien Summer“",1,0,search,,,,,taxable,parent,1,,,0,0,250,,,,0,,,"6,40",,,,,,,id:1814,,,,,,0,Gewicht,250g,,1,,Mahlung,Stempelkanne,,1,,,,,,,,,,,,,,,,,,,,,,,,,,,,,,,,,,,,,,,,,,,,,,,,,,,,,,,,,,0.0001,,,,,,,,,,,,,,,,,,,,,,,,,,,,,,,,"Nr.3 „Indien Summer“",
1815,variation,,"Nr.3 „Indien Summer“",1,0,search,,,,,taxable,parent,1,,,0,0,250,,,,0,,,"6,40",,,,,,,id:1814,,,,,,0,Gewicht,250g,,1,,Mahlung,Filter,,1,,,,,,,,,,,,,,,,,,,,,,,,,,,,,,,,,,,,,,,,,,,,,,,,,,,,,,,,,,0.0001,,,,,,,,,,,,,,,,,,,,,,,,,,,,,,,,"Nr.3 „Indien Summer“",
1816,variation,,"Nr.3 „Indien Summer“",1,0,search,,,,,taxable,parent,1,,,0,0,250,,,,0,,,"6,40",,,,,,,id:1814,,,,,,0,Gewicht,250g,,1,,Mahlung,Herdkanne,,1,,,,,,,,,,,,,,,,,,,,,,,,,,,,,,,,,,,,,,,,,,,,,,,,,,,,,,,,,,0.0001,,,,,,,,,,,,,,,,,,,,,,,,,,,,,,,,"Nr.3 „Indien Summer“",
1817,variation,,"Nr.3 „Indien Summer“",1,0,search,,,,,taxable,parent,1,,,0,0,250,,,,0,,,"6,40",,,,,,,id:1814,,,,,,0,Gewicht,250g,,1,,Mahlung,Siebträger,,1,,,,,,,,,,,,,,,,,,,,,,,,,,,,,,,,,,,,,,,,,,,,,,,,,,,,,,,,,,0.0001,,,,,,,,,,,,,,,,,,,,,,,,,,,,,,,,"Nr.3 „Indien Summer“",
1818,variation,,"Nr.3 „Indien Summer“",1,0,search,,,,,taxable,parent,1,,,0,0,250,,,,0,,,"6,40",,,,https://staging.our-working.space/wp-content/uploads/2017/09/Nr-3.png,,,id:1814,,,,,,0,Gewicht,250g,,1,,Mahlung,"ganze Bohne",,1,,,,,,,,,,,,,,,,,,,,,,,,,,,,,,,,,,,,,,,,,,,,,,,,,,,,,,,,,,0.0001,,,,,,,,,,,,,,,,,,,,,,,,,,,,,,,,"Nr.3 „Indien Summer“",1
1819,variation,,"Nr.3 „Indien Summer“",1,0,search,,,,,taxable,parent,1,,,0,0,1000,,,,0,,,"23,50",,,,,,,id:1814,,,,,,0,Gewicht,1000g,,1,,Mahlung,Herdkanne,,1,,,,,,,,,,,,,,,,,,,,,,,,,,,,,,,,,,,,,,,,,,,,,,,,,,,,,,,,,,0.0001,,,,,,,,,,,,,,,,,,,,,,,,,,,,,,,,"Nr.3 „Indien Summer“",
1820,variation,,"Nr.3 „Indien Summer“",1,0,search,,,,,taxable,parent,1,,,0,0,1000,,,,0,,,"23,50",,,,,,,id:1814,,,,,,0,Gewicht,1000g,,1,,Mahlung,Siebträger,,1,,,,,,,,,,,,,,,,,,,,,,,,,,,,,,,,,,,,,,,,,,,,,,,,,,,,,,,,,,0.0001,,,,,,,,,,,,,,,,,,,,,,,,,,,,,,,,"Nr.3 „Indien Summer“",
1821,variation,,"Nr.3 „Indien Summer“",1,0,search,,,,,taxable,parent,1,,,0,0,1000,,,,0,,,"23,50",,,,,,,id:1814,,,,,,0,Gewicht,1000g,,1,,Mahlung,"ganze Bohne",,1,,,,,,,,,,,,,,,,,,,,,,,,,,,,,,,,,,,,,,,,,,,,,,,,,,,,,,,,,,0.0001,,,,,,,,,,,,,,,,,,,,,,,,,,,,,,,,"Nr.3 „Indien Summer“",
1822,variation,,"Nr.3 „Indien Summer“",1,0,search,,,,,taxable,parent,1,,,0,0,1000,,,,0,,,"23,50",,,,,,,id:1814,,,,,,0,Gewicht,1000g,,1,,Mahlung,Filter,,1,,,,,,,,,,,,,,,,,,,,,,,,,,,,,,,,,,,,,,,,,,,,,,,,,,,,,,,,,,0.0001,,,,,,,,,,,,,,,,,,,,,,,,,,,,,,,,"Nr.3 „Indien Summer“",
1823,variation,,"Nr.3 „Indien Summer“",1,0,search,,,,,taxable,parent,1,,,0,0,1000,,,,0,,,"23,50",,,,,,,id:1814,,,,,,0,Gewicht,1000g,,1,,Mahlung,Stempelkanne,,1,,,,,,,,,,,,,,,,,,,,,,,,,,,,,,,,,,,,,,,,,,,,,,,,,,,,,,,,,,0.0001,,,,,,,,,,,,,,,,,,,,,,,,,,,,,,,,"Nr.3 „Indien Summer“",
1824,variation,,"Nr.3 „Indien Summer“",1,0,search,,,,,taxable,parent,1,,,0,0,500,,,,0,,,"12,80",,,,,,,id:1814,,,,,,0,Gewicht,500g,,1,,Mahlung,Stempelkanne,,1,,,,,,,,,,,,,,,,,,,,,,,,,,,,,,,,,,,,,,,,,,,,,,,,,,,,,,,,,,0.0001,,,,,,,,,,,,,,,,,,,,,,,,,,,,,,,,"Nr.3 „Indien Summer“",
1825,variation,,"Nr.3 „Indien Summer“",1,0,search,,,,,taxable,parent,1,,,0,0,500,,,,0,,,"12,80",,,,,,,id:1814,,,,,,0,Gewicht,500g,,1,,Mahlung,Filter,,1,,,,,,,,,,,,,,,,,,,,,,,,,,,,,,,,,,,,,,,,,,,,,,,,,,,,,,,,,,0.0001,,,,,,,,,,,,,,,,,,,,,,,,,,,,,,,,"Nr.3 „Indien Summer“",
1826,variation,,"Nr.3 „Indien Summer“",1,0,search,,,,,taxable,parent,1,,,0,0,500,,,,0,,,"12,80",,,,,,,id:1814,,,,,,0,Gewicht,500g,,1,,Mahlung,Herdkanne,,1,,,,,,,,,,,,,,,,,,,,,,,,,,,,,,,,,,,,,,,,,,,,,,,,,,,,,,,,,,0.0001,,,,,,,,,,,,,,,,,,,,,,,,,,,,,,,,"Nr.3 „Indien Summer“",
1827,variation,,"Nr.3 „Indien Summer“",1,0,search,,,,,taxable,parent,1,,,0,0,500,,,,0,,,"12,80",,,,,,,id:1814,,,,,,0,Gewicht,500g,,1,,Mahlung,Siebträger,,1,,,,,,,,,,,,,,,,,,,,,,,,,,,,,,,,,,,,,,,,,,,,,,,,,,,,,,,,,,0.0001,,,,,,,,,,,,,,,,,,,,,,,,,,,,,,,,"Nr.3 „Indien Summer“",
1816,variation,,"Nr.3 „Indien Summer“",1,0,search,,,,,taxable,parent,1,,,0,0,250,,,,0,,,"6,40",,,,,,,id:1814,,,,,,0,Gewicht,250g,,1,,Mahlung,Herdkanne,,1,,,,,,,,,,,,,,,,,,,,,,,,,,,,,,,,,,,,,,,,,,,,,,,,,,,,,,,,,,0.0001,,,,,,,,,,,,,,,,,,,,,,,,,,,,,,,,"Nr.3 „Indien Summer“",,,,,,,,,
1817,variation,,"Nr.3 „Indien Summer“",1,0,search,,,,,taxable,parent,1,,,0,0,250,,,,0,,,"6,40",,,,,,,id:1814,,,,,,0,Gewicht,250g,,1,,Mahlung,Siebträger,,1,,,,,,,,,,,,,,,,,,,,,,,,,,,,,,,,,,,,,,,,,,,,,,,,,,,,,,,,,,0.0001,,,,,,,,,,,,,,,,,,,,,,,,,,,,,,,,"Nr.3 „Indien Summer“",,,,,,,,,
1818,variation,,"Nr.3 „Indien Summer“",1,0,search,,,,,taxable,parent,1,,,0,0,250,,,,0,,,"6,40",,,,https://staging.our-working.space/wp-content/uploads/2017/09/Nr-3.png,,,id:1814,,,,,,0,Gewicht,250g,,1,,Mahlung,"ganze Bohne",,1,,,,,,,,,,,,,,,,,,,,,,,,,,,,,,,,,,,,,,,,,,,,,,,,,,,,,,,,,,0.0001,,,,,,,,,,,,,,,,,,,,,,,,,,,,,,,,"Nr.3 „Indien Summer“",1,,,,,,,,
1819,variation,,"Nr.3 „Indien Summer“",1,0,search,,,,,taxable,parent,1,,,0,0,1000,,,,0,,,"23,50",,,,,,,id:1814,,,,,,0,Gewicht,1000g,,1,,Mahlung,Herdkanne,,1,,,,,,,,,,,,,,,,,,,,,,,,,,,,,,,,,,,,,,,,,,,,,,,,,,,,,,,,,,0.0001,,,,,,,,,,,,,,,,,,,,,,,,,,,,,,,,"Nr.3 „Indien Summer“",,,,,,,,,
1820,variation,,"Nr.3 „Indien Summer“",1,0,search,,,,,taxable,parent,1,,,0,0,1000,,,,0,,,"23,50",,,,,,,id:1814,,,,,,0,Gewicht,1000g,,1,,Mahlung,Siebträger,,1,,,,,,,,,,,,,,,,,,,,,,,,,,,,,,,,,,,,,,,,,,,,,,,,,,,,,,,,,,0.0001,,,,,,,,,,,,,,,,,,,,,,,,,,,,,,,,"Nr.3 „Indien Summer“",,,,,,,,,
1821,variation,,"Nr.3 „Indien Summer“",1,0,search,,,,,taxable,parent,1,,,0,0,1000,,,,0,,,"23,50",,,,,,,id:1814,,,,,,0,Gewicht,1000g,,1,,Mahlung,"ganze Bohne",,1,,,,,,,,,,,,,,,,,,,,,,,,,,,,,,,,,,,,,,,,,,,,,,,,,,,,,,,,,,0.0001,,,,,,,,,,,,,,,,,,,,,,,,,,,,,,,,"Nr.3 „Indien Summer“",,,,,,,,,
1822,variation,,"Nr.3 „Indien Summer“",1,0,search,,,,,taxable,parent,1,,,0,0,1000,,,,0,,,"23,50",,,,,,,id:1814,,,,,,0,Gewicht,1000g,,1,,Mahlung,Filter,,1,,,,,,,,,,,,,,,,,,,,,,,,,,,,,,,,,,,,,,,,,,,,,,,,,,,,,,,,,,0.0001,,,,,,,,,,,,,,,,,,,,,,,,,,,,,,,,"Nr.3 „Indien Summer“",,,,,,,,,
1823,variation,,"Nr.3 „Indien Summer“",1,0,search,,,,,taxable,parent,1,,,0,0,1000,,,,0,,,"23,50",,,,,,,id:1814,,,,,,0,Gewicht,1000g,,1,,Mahlung,Stempelkanne,,1,,,,,,,,,,,,,,,,,,,,,,,,,,,,,,,,,,,,,,,,,,,,,,,,,,,,,,,,,,0.0001,,,,,,,,,,,,,,,,,,,,,,,,,,,,,,,,"Nr.3 „Indien Summer“",,,,,,,,,
1824,variation,,"Nr.3 „Indien Summer“",1,0,search,,,,,taxable,parent,1,,,0,0,500,,,,0,,,"12,80",,,,,,,id:1814,,,,,,0,Gewicht,500g,,1,,Mahlung,Stempelkanne,,1,,,,,,,,,,,,,,,,,,,,,,,,,,,,,,,,,,,,,,,,,,,,,,,,,,,,,,,,,,0.0001,,,,,,,,,,,,,,,,,,,,,,,,,,,,,,,,"Nr.3 „Indien Summer“",,,,,,,,,
1825,variation,,"Nr.3 „Indien Summer“",1,0,search,,,,,taxable,parent,1,,,0,0,500,,,,0,,,"12,80",,,,,,,id:1814,,,,,,0,Gewicht,500g,,1,,Mahlung,Filter,,1,,,,,,,,,,,,,,,,,,,,,,,,,,,,,,,,,,,,,,,,,,,,,,,,,,,,,,,,,,0.0001,,,,,,,,,,,,,,,,,,,,,,,,,,,,,,,,"Nr.3 „Indien Summer“",,,,,,,,,
1826,variation,,"Nr.3 „Indien Summer“",1,0,search,,,,,taxable,parent,1,,,0,0,500,,,,0,,,"12,80",,,,,,,id:1814,,,,,,0,Gewicht,500g,,1,,Mahlung,Herdkanne,,1,,,,,,,,,,,,,,,,,,,,,,,,,,,,,,,,,,,,,,,,,,,,,,,,,,,,,,,,,,0.0001,,,,,,,,,,,,,,,,,,,,,,,,,,,,,,,,"Nr.3 „Indien Summer“",,,,,,,,,
1827,variation,,"Nr.3 „Indien Summer“",1,0,search,,,,,taxable,parent,1,,,0,0,500,,,,0,,,"12,80",,,,,,,id:1814,,,,,,0,Gewicht,500g,,1,,Mahlung,Siebträger,,1,,,,,,,,,,,,,,,,,,,,,,,,,,,,,,,,,,,,,,,,,,,,,,,,,,,,,,,,,,0.0001,,,,,,,,,,,,,,,,,,,,,,,,,,,,,,,,"Nr.3 „Indien Summer“",,,,,,,,,
1828,variation,,"Nr.3 „Indien Summer“",1,0,search,,,,,taxable,parent,1,,,0,0,500,,,,0,,,"12,80",,,,,,,id:1814,,,,,,0,Gewicht,500g,,1,,Mahlung,"ganze Bohne",,1,,,,,,,,,,,,,,,,,,,,,,,,,,,,,,,,,,,,,,,,,,,,,,,,,,,,,,,,,,0.0001,,,,,,,,,,,,,,,,,,,,,,,,,,,,,,,,"Nr.3 „Indien Summer“",,,,,,,,,
1829,variation,,"Nr.3 „Indien Summer“",1,0,search,,,,,taxable,parent,1,,,0,0,250,,,,0,,,"6,40",,,,,,,id:1814,,,,,,0,Gewicht,250g,,1,,Mahlung,Stempelkanne,,1,,,,,,,,,,,,,,,,,,,,,,,,,,,,,,,,,,,,,,,,,,,,,,,,,,,,,,,,,,0.0001,,,,,,,,,,,,,,,,,,,,,,,,,,,,,,,,"Nr.3 „Indien Summer“",,,,,,,,,
1830,variable,,"Nr.4 „Noch ohne Namen""",1,0,search,"Bio-Arabicas aus Sumatra und Costa Rica","Unser ""Bio-Blend"" ist eine Mischung aus ""biozertifizierten"" Arabicas aus Sumatra und Costa Rica. Der Kaffee aus Sumatra bildet die Grundlage. Er wird ergänzt durch die feinen Aromen des Costa Ricanische Arabicas.
\n
\nDer Mandheling Kaffee aus Sumatra wächst an den Hängen des Mount Leuser in der Balak Region. Er wird in einem besonderen Verfahren, dem „Giling Basah“, aufbereitet, das weitestgehend der “pulped natural” Aufbereitung entspricht. Dies verleiht den Bohnen eine einmalige Aromatik. Sie ist geprägt von sehr wenig Säure, einem vollen Körper, sowie würzig und schokoladigen Noten.
\nErgänzt wird er durch einen gewaschenen Kaffee aus Costa Rica mit Aromen von Nuss, Vanille und leichten Zitrusnoten. Dieser wird auf der Kaffeefarm El Bueyerito produziert, die in der Region Miramar in der Provinz Putarenas im Westen des Landes liegt.
\n
\nInsgesamt in sehr cremiger, voller, süßer und würziger Arabica-Espresso, mit nur einem Wermutstropfen: Wir haben noch keinen Namen!",,,taxable,reduced-rate,1,,,0,0,,,,,1,,,,"KAFFEE, KAFFEE > BLENDS","cremig, schokoladig, süß, voller Körper, Würzig",,https://staging.our-working.space/wp-content/uploads/2017/09/Nr-4-1.png,,,,,,,,,0,Gewicht,"250g, 500g, 1000g",1,1,250g,Mahlung,"ganze Bohne, Siebträger, Herdkanne, Filter, Stempelkanne",1,1,false,2,default,"Süß, cremig, schokoladig, würzig, voller Körper","Als Espresso im Siebträger oder Vollautomaten",default,false,,#f7edde,true,true,true,false,,padding-medium,,#ffffff,,,,#ffffff,textaligncenter,transparent,full-image,,bg-static,false,,transparent,0.7,,,_blank,#ffffff,#9f403c,,,#ffffff,#9f403c,,,fade,true,true,self,,,,,,,,,#ffffff,#9f403c,,,0.0001,7.50,27.50,1836,1841,7.50,27.50,1836,1841,,,,,,,,,,,,0,'-1,'-2,,cm,,,cm,,,,no,,,,,,,,,,
1831,variation,,"Nr.4 „Noch ohne Namen“",1,0,search,,,,,taxable,parent,1,,,0,0,500,,,,0,,,"15,00",,,,,,,id:1830,,,,,,0,Gewicht,500g,,1,,Mahlung,"ganze Bohne",,1,,,,,,,,,,,,,,,,,,,,,,,,,,,,,,,,,,,,,,,,,,,,,,,,,,,,,,,,,,0.0001,,,,,,,,,,,,,,,,,,,,,'-1,'-1,,,,,,,,,,"Nr.4 „Noch ohne Namen“",,,,cm,,'-1,'-1,,
1832,variation,,"Nr.4 „Noch ohne Namen“",1,0,search,,,,,taxable,parent,1,,,0,0,250,,,,0,,,"7,50",,,,,,,id:1830,,,,,,0,Gewicht,250g,,1,,Mahlung,Stempelkanne,,1,,,,,,,,,,,,,,,,,,,,,,,,,,,,,,,,,,,,,,,,,,,,,,,,,,,,,,,,,,0.0001,,,,,,,,,,,,,,,,,,,,,'-1,'-1,,,,,,,,,,"Nr.4 „Noch ohne Namen“",,,,cm,,'-1,'-1,,
1833,variation,,"Nr.4 „Noch ohne Namen“",1,0,search,,,,,taxable,parent,1,,,0,0,250,,,,0,,,"7,50",,,,,,,id:1830,,,,,,0,Gewicht,250g,,1,,Mahlung,Filter,,1,,,,,,,,,,,,,,,,,,,,,,,,,,,,,,,,,,,,,,,,,,,,,,,,,,,,,,,,,,0.0001,,,,,,,,,,,,,,,,,,,,,'-1,'-1,,,,,,,,,,"Nr.4 „Noch ohne Namen“",,,,cm,,'-1,'-1,,
1834,variation,,"Nr.4 „Noch ohne Namen“",1,0,search,,,,,taxable,parent,1,,,0,0,250,,,,0,,,"7,50",,,,,,,id:1830,,,,,,0,Gewicht,250g,,1,,Mahlung,Herdkanne,,1,,,,,,,,,,,,,,,,,,,,,,,,,,,,,,,,,,,,,,,,,,,,,,,,,,,,,,,,,,0.0001,,,,,,,,,,,,,,,,,,,,,'-1,'-1,,,,,,,,,,"Nr.4 „Noch ohne Namen“",,,,cm,,'-1,'-1,,
1835,variation,,"Nr.4 „Noch ohne Namen“",1,0,search,,,,,taxable,parent,1,,,0,0,250,,,,0,,,"7,50",,,,,,,id:1830,,,,,,0,Gewicht,250g,,1,,Mahlung,Siebträger,,1,,,,,,,,,,,,,,,,,,,,,,,,,,,,,,,,,,,,,,,,,,,,,,,,,,,,,,,,,,0.0001,,,,,,,,,,,,,,,,,,,,,'-1,'-1,,,,,,,,,,"Nr.4 „Noch ohne Namen“",,,,cm,,'-1,'-1,,
1836,variation,,"Nr.4 „Noch ohne Namen“",1,0,search,,,,,taxable,parent,1,,,0,0,250,,,,0,,,"7,50",,,,https://staging.our-working.space/wp-content/uploads/2017/09/Nr-4-1.png,,,id:1830,,,,,,0,Gewicht,250g,,1,,Mahlung,"ganze Bohne",,1,,,,,,,,,,,,,,,,,,,,,,,,,,,,,,,,,,,,,,,,,,,,,,,,,,,,,,,,,,0.0001,,,,,,,,,,,,,,,,,,,,,'-1,'-1,,,,,,,,,,"Nr.4 „Noch ohne Namen“",1,,,cm,,'-1,'-1,,
1837,variation,,"Nr.4 „Noch ohne Namen“",1,0,search,,,,,taxable,parent,1,,,0,0,1000,,,,0,,,"27,50",,,,,,,id:1830,,,,,,0,Gewicht,1000g,,1,,Mahlung,Herdkanne,,1,,,,,,,,,,,,,,,,,,,,,,,,,,,,,,,,,,,,,,,,,,,,,,,,,,,,,,,,,,0.0001,,,,,,,,,,,,,,,,,,,,,'-1,'-1,,,,,,,,,,"Nr.4 „Noch ohne Namen“",,,,cm,,'-1,'-1,,
1838,variation,,"Nr.4 „Noch ohne Namen“",1,0,search,,,,,taxable,parent,1,,,0,0,1000,,,,0,,,"27,50",,,,,,,id:1830,,,,,,0,Gewicht,1000g,,1,,Mahlung,Siebträger,,1,,,,,,,,,,,,,,,,,,,,,,,,,,,,,,,,,,,,,,,,,,,,,,,,,,,,,,,,,,0.0001,,,,,,,,,,,,,,,,,,,,,'-1,'-1,,,,,,,,,,"Nr.4 „Noch ohne Namen“",,,,cm,,'-1,'-1,,
1839,variation,,"Nr.4 „Noch ohne Namen“",1,0,search,,,,,taxable,parent,1,,,0,0,1000,,,,0,,,"27,50",,,,,,,id:1830,,,,,,0,Gewicht,1000g,,1,,Mahlung,"ganze Bohne",,1,,,,,,,,,,,,,,,,,,,,,,,,,,,,,,,,,,,,,,,,,,,,,,,,,,,,,,,,,,0.0001,,,,,,,,,,,,,,,,,,,,,'-1,'-1,,,,,,,,,,"Nr.4 „Noch ohne Namen“",,,,cm,,'-1,'-1,,
1840,variation,,"Nr.4 „Noch ohne Namen“",1,0,search,,,,,taxable,parent,1,,,0,0,1000,,,,0,,,"27,50",,,,,,,id:1830,,,,,,0,Gewicht,1000g,,1,,Mahlung,Filter,,1,,,,,,,,,,,,,,,,,,,,,,,,,,,,,,,,,,,,,,,,,,,,,,,,,,,,,,,,,,0.0001,,,,,,,,,,,,,,,,,,,,,'-1,'-1,,,,,,,,,,"Nr.4 „Noch ohne Namen“",,,,cm,,'-1,'-1,,
1841,variation,,"Nr.4 „Noch ohne Namen“",1,0,search,,,,,taxable,parent,1,,,0,0,1000,,,,0,,,"27,50",,,,,,,id:1830,,,,,,0,Gewicht,1000g,,1,,Mahlung,Stempelkanne,,1,,,,,,,,,,,,,,,,,,,,,,,,,,,,,,,,,,,,,,,,,,,,,,,,,,,,,,,,,,0.0001,,,,,,,,,,,,,,,,,,,,,'-1,'-1,,,,,,,,,,"Nr.4 „Noch ohne Namen“",,,,cm,,'-1,'-1,,
1842,variation,,"Nr.4 „Noch ohne Namen“",1,0,search,,,,,taxable,parent,1,,,0,0,500,,,,0,,,"15,00",,,,,,,id:1830,,,,,,0,Gewicht,500g,,1,,Mahlung,Stempelkanne,,1,,,,,,,,,,,,,,,,,,,,,,,,,,,,,,,,,,,,,,,,,,,,,,,,,,,,,,,,,,0.0001,,,,,,,,,,,,,,,,,,,,,'-1,'-1,,,,,,,,,,"Nr.4 „Noch ohne Namen“",,,,cm,,'-1,'-1,,
1843,variation,,"Nr.4 „Noch ohne Namen“",1,0,search,,,,,taxable,parent,1,,,0,0,500,,,,0,,,"15,00",,,,,,,id:1830,,,,,,0,Gewicht,500g,,1,,Mahlung,Filter,,1,,,,,,,,,,,,,,,,,,,,,,,,,,,,,,,,,,,,,,,,,,,,,,,,,,,,,,,,,,0.0001,,,,,,,,,,,,,,,,,,,,,'-1,'-1,,,,,,,,,,"Nr.4 „Noch ohne Namen“",,,,cm,,'-1,'-1,,
1844,variation,,"Nr.4 „Noch ohne Namen“",1,0,search,,,,,taxable,parent,1,,,0,0,500,,,,0,,,"15,00",,,,,,,id:1830,,,,,,0,Gewicht,500g,,1,,Mahlung,Herdkanne,,1,,,,,,,,,,,,,,,,,,,,,,,,,,,,,,,,,,,,,,,,,,,,,,,,,,,,,,,,,,0.0001,,,,,,,,,,,,,,,,,,,,,'-1,'-1,,,,,,,,,,"Nr.4 „Noch ohne Namen“",,,,cm,,'-1,'-1,,
1845,variation,,"Nr.4 „Noch ohne Namen“",1,0,search,,,,,taxable,parent,1,,,0,0,500,,,,0,,,"15,00",,,,,,,id:1830,,,,,,0,Gewicht,500g,,1,,Mahlung,Siebträger,,1,,,,,,,,,,,,,,,,,,,,,,,,,,,,,,,,,,,,,,,,,,,,,,,,,,,,,,,,,,0.0001,,,,,,,,,,,,,,,,,,,,,'-1,'-1,,,,,,,,,,"Nr.4 „Noch ohne Namen“",,,,cm,,'-1,'-1,,
3528,variable,,"Speciality Blend",1,0,search,"Mischung von zwei hellen Espresso-Röstungen aus Peru und Äthiopien.","Diese besondere Mischung aus zwei unserer hellen Espresso-Röstungen kombiniert Lateinamerika mit Afrika. Derzeit besteht der Speciality Blend aus unserem gewaschenem Direktimport aus Peru, und einem natural Äthiopier von Nordic Approach.",,,taxable,reduced-rate,1,,,0,0,,,,,1,,,,"KAFFEE, KAFFEE > BLENDS, KAFFEE > SPECIALITIES","Balanciert, fruchtig, mild, süß",,https://staging.our-working.space/wp-content/uploads/2018/05/Nr-5-Speciality-Blend.png,,,,,,,,,0,Gewicht,250g,1,1,,Mahlung,"ganze Bohne, Siebträger, Herdkanne, Filter, Stempelkanne",1,1,false,2,default,"Balanciert, süß, mild, fruchtig","Im Siebträger für fruchtig helle Shots, als Filterkaffee oder im Vollautomaten für eine aromatisch mild fruchtige Tasse Kaffee.",default,true,,#f7edde,true,true,true,false,,padding-medium,,#ffffff,,,,#ffffff,textaligncenter,transparent,full-image,,bg-static,false,,transparent,0.7,,,_blank,#ffffff,#9f403c,,,#ffffff,#9f403c,,,fade,true,true,self,,,,,,,,,#ffffff,#9f403c,,,0.0001,8.70,8.70,3531,3531,8.70,8.70,3531,3531,,,,"Derzeit: Catuaí (natural), Bourbon (washed)",,,,,,,"Blend aus Speciality Kaffees (84-89 Punkte) meist 60% gewaschen, 40% natural. Die Bestandteile wechseln saisonal.",0,'-1,'-2,,cm,,,cm,,,,no,,,,,,,,,,2018-05-02
3529,variation,,"Speciality Blend",1,0,search,,,,,taxable,parent,1,,,0,0,250,,,,0,,,"8,90",,,,,,,id:3528,,,,,,0,Gewicht,250g,,1,,Mahlung,Stempelkanne,,1,,,,,,,,,,,,,,,,,,,,,,,,,,,,,,,,,,,,,,,,,,,,,,,,,,,,,,,,,,0.0001,,,,,,,,,,,,,,,,,,,,,,,,,,,,,,,,"Speciality Blend",,,,,,,,,
3530,variation,,"Speciality Blend",1,0,search,,,,,taxable,parent,1,,,0,0,250,,,,0,,,"8,90",,,,,,,id:3528,,,,,,0,Gewicht,250g,,1,,Mahlung,Filter,,1,,,,,,,,,,,,,,,,,,,,,,,,,,,,,,,,,,,,,,,,,,,,,,,,,,,,,,,,,,0.0001,,,,,,,,,,,,,,,,,,,,,,,,,,,,,,,,"Speciality Blend",,,,,,,,,
3531,variation,,"Speciality Blend",1,0,search,,,,,taxable,parent,1,,,0,0,250,,,,0,,,"8,90",,,,,,,id:3528,,,,,,0,Gewicht,250g,,1,,Mahlung,Herdkanne,,1,,,,,,,,,,,,,,,,,,,,,,,,,,,,,,,,,,,,,,,,,,,,,,,,,,,,,,,,,,0.0001,,,,,,,,,,,,,,,,,,,,,,,,,,,,,,,,"Speciality Blend",,,,,,,,,
3532,variation,,"Speciality Blend",1,0,search,,,,,taxable,parent,1,,,0,0,250,,,,0,,,"8,90",,,,,,,id:3528,,,,,,0,Gewicht,250g,,1,,Mahlung,Siebträger,,1,,,,,,,,,,,,,,,,,,,,,,,,,,,,,,,,,,,,,,,,,,,,,,,,,,,,,,,,,,0.0001,,,,,,,,,,,,,,,,,,,,,,,,,,,,,,,,"Speciality Blend",,,,,,,,,
3533,variation,,"Speciality Blend",1,0,search,,,,,taxable,parent,1,,,0,0,250,,,,0,,,"8,90",,,,https://staging.our-working.space/wp-content/uploads/2018/05/Nr-5-Speciality-Blend.png,,,id:3528,,,,,,0,Gewicht,250g,,1,,Mahlung,"ganze Bohne",,1,,,,,,,,,,,,,,,,,,,,,,,,,,,,,,,,,,,,,,,,,,,,,,,,,,,,,,,,,,0.0001,,,,,,,,,,,,,,,,,,,,,,,,,,,,,,,,"Speciality Blend",1,,,,,,,,
5146,variable,,"""Bayerischer Hof""-Röstung",'-1,0,search,"<p>Bio-Arabicas aus Sumatra und Guatemala</p>","Unser ""Bio-Blend"" ist eine Mischung aus ""biozertifizierten"" Arabicas aus Sumatra und Guatemala. Der Kaffee aus Sumatra bildet die Grundlage. Er wird ergänzt durch die feinen Aromen des guetemaltekischen Arabicas.\n\nDer Mandheling Kaffee aus Sumatra wächst an den Hängen des Mount Leuser in der Balak Region. Er wird in einem besonderen Verfahren, dem „Giling Basah“, aufbereitet, das weitestgehend der “pulped natural” Aufbereitung entspricht. Dies verleiht den Bohnen eine einmalige Aromatik. Sie ist geprägt von sehr wenig Säure, einem vollen Körper, sowie würzig und schokoladigen Noten.\nErgänzt wird er durch einen gewaschenen Kaffee aus Guatemala mit Aromen von Nuss, Vanille und leichten Zitrusnoten. Dieser wird auf der Finca Ceylan produziert, die in der Region Atitlán im Südwesten liegt.\n\nInsgesamt in sehr cremiger, voller, süßer und würziger Arabica-Espresso, mit nur einem Wermutstropfen: Wir haben noch keinen Namen!",,,taxable,reduced-rate,1,,,0,0,,,,,1,,,,"KAFFEE > BLENDS, KAFFEE",,,https://staging.our-working.space/wp-content/uploads/2017/09/Nr-4-1.png,,,,,,,,,0,Gewicht,"1000g, 250g, 500g",1,1,250g,Mahlung,"Filter, ganze Bohne, Herdkanne, Siebträger, Stempelkanne",1,1,false,2,default,"Süß, cremig, schokoladig, würzig, voller Körper","Als Espresso im Siebträger oder Vollautomaten",default,false,,#f7edde,true,true,true,false,,padding-medium,,#ffffff,,,,#ffffff,textaligncenter,transparent,full-image,,bg-static,false,,transparent,0.7,,,_blank,#ffffff,#9f403c,,,#ffffff,#9f403c,,,fade,true,true,self,,,,,,,,,#ffffff,#9f403c,,,0.0001,7.50,27.50,1836,1841,7.50,27.50,1836,1841,,,,,,,,,,,,0,'-1,,,,,,,,,,no,,,,,,,,,,
5147,variation,,"""Bayerischer Hof""-Röstung",1,0,search,,,,,taxable,parent,1,,,0,0,500,,,,0,,,"15,00",,,,,,,id:5146,,,,,,0,Gewicht,500g,,1,,Mahlung,"ganze Bohne",,1,,,,,,,,,,,,,,,,,,,,,,,,,,,,,,,,,,,,,,,,,,,,,,,,,,,,,,,,,,0.0001,,,,,,,,,,,,,,,,,,,,,'-1,'-1,,,,,,,,,no,"""Bayerischer Hof""-Röstung",,,,cm,,'-1,'-1,,
5148,variation,,"""Bayerischer Hof""-Röstung",1,0,search,,,,,taxable,parent,1,,,0,0,250,,,,0,,,"7,50",,,,,,,id:5146,,,,,,0,Gewicht,250g,,1,,Mahlung,Stempelkanne,,1,,,,,,,,,,,,,,,,,,,,,,,,,,,,,,,,,,,,,,,,,,,,,,,,,,,,,,,,,,0.0001,,,,,,,,,,,,,,,,,,,,,'-1,'-1,,,,,,,,,no,"""Bayerischer Hof""-Röstung",,,,cm,,'-1,'-1,,
5149,variation,,"""Bayerischer Hof""-Röstung",1,0,search,,,,,taxable,parent,1,,,0,0,250,,,,0,,,"7,50",,,,,,,id:5146,,,,,,0,Gewicht,250g,,1,,Mahlung,Filter,,1,,,,,,,,,,,,,,,,,,,,,,,,,,,,,,,,,,,,,,,,,,,,,,,,,,,,,,,,,,0.0001,,,,,,,,,,,,,,,,,,,,,'-1,'-1,,,,,,,,,no,"""Bayerischer Hof""-Röstung",,,,cm,,'-1,'-1,,
5150,variation,,"""Bayerischer Hof""-Röstung",1,0,search,,,,,taxable,parent,1,,,0,0,250,,,,0,,,"7,50",,,,,,,id:5146,,,,,,0,Gewicht,250g,,1,,Mahlung,Herdkanne,,1,,,,,,,,,,,,,,,,,,,,,,,,,,,,,,,,,,,,,,,,,,,,,,,,,,,,,,,,,,0.0001,,,,,,,,,,,,,,,,,,,,,'-1,'-1,,,,,,,,,no,"""Bayerischer Hof""-Röstung",,,,cm,,'-1,'-1,,
5151,variation,,"""Bayerischer Hof""-Röstung",1,0,search,,,,,taxable,parent,1,,,0,0,250,,,,0,,,"7,50",,,,,,,id:5146,,,,,,0,Gewicht,250g,,1,,Mahlung,Siebträger,,1,,,,,,,,,,,,,,,,,,,,,,,,,,,,,,,,,,,,,,,,,,,,,,,,,,,,,,,,,,0.0001,,,,,,,,,,,,,,,,,,,,,'-1,'-1,,,,,,,,,no,"""Bayerischer Hof""-Röstung",,,,cm,,'-1,'-1,,
5152,variation,,"""Bayerischer Hof""-Röstung",1,0,search,,,,,taxable,parent,1,,,0,0,250,,,,0,,,"7,50",,,,https://staging.our-working.space/wp-content/uploads/2017/09/Nr-4-1.png,,,id:5146,,,,,,0,Gewicht,250g,,1,,Mahlung,"ganze Bohne",,1,,,,,,,,,,,,,,,,,,,,,,,,,,,,,,,,,,,,,,,,,,,,,,,,,,,,,,,,,,0.0001,,,,,,,,,,,,,,,,,,,,,'-1,'-1,,,,,,,,,no,"""Bayerischer Hof""-Röstung",1,,,cm,,'-1,'-1,,
5153,variation,,"""Bayerischer Hof""-Röstung",1,0,search,,,,,taxable,parent,1,,,0,0,1000,,,,0,,,"27,50",,,,,,,id:5146,,,,,,0,Gewicht,1000g,,1,,Mahlung,Herdkanne,,1,,,,,,,,,,,,,,,,,,,,,,,,,,,,,,,,,,,,,,,,,,,,,,,,,,,,,,,,,,0.0001,,,,,,,,,,,,,,,,,,,,,'-1,'-1,,,,,,,,,no,"""Bayerischer Hof""-Röstung",,,,cm,,'-1,'-1,,
5154,variation,,"""Bayerischer Hof""-Röstung",1,0,search,,,,,taxable,parent,1,,,0,0,1000,,,,0,,,"27,50",,,,,,,id:5146,,,,,,0,Gewicht,1000g,,1,,Mahlung,Siebträger,,1,,,,,,,,,,,,,,,,,,,,,,,,,,,,,,,,,,,,,,,,,,,,,,,,,,,,,,,,,,0.0001,,,,,,,,,,,,,,,,,,,,,'-1,'-1,,,,,,,,,no,"""Bayerischer Hof""-Röstung",,,,cm,,'-1,'-1,,
5155,variation,,"""Bayerischer Hof""-Röstung",1,0,search,,,,,taxable,parent,1,,,0,0,1000,,,,0,,,"27,50",,,,,,,id:5146,,,,,,0,Gewicht,1000g,,1,,Mahlung,"ganze Bohne",,1,,,,,,,,,,,,,,,,,,,,,,,,,,,,,,,,,,,,,,,,,,,,,,,,,,,,,,,,,,0.0001,,,,,,,,,,,,,,,,,,,,,'-1,'-1,,,,,,,,,no,"""Bayerischer Hof""-Röstung",,,,cm,,'-1,'-1,,
5156,variation,,"""Bayerischer Hof""-Röstung",1,0,search,,,,,taxable,parent,1,,,0,0,1000,,,,0,,,"27,50",,,,,,,id:5146,,,,,,0,Gewicht,1000g,,1,,Mahlung,Filter,,1,,,,,,,,,,,,,,,,,,,,,,,,,,,,,,,,,,,,,,,,,,,,,,,,,,,,,,,,,,0.0001,,,,,,,,,,,,,,,,,,,,,'-1,'-1,,,,,,,,,no,"""Bayerischer Hof""-Röstung",,,,cm,,'-1,'-1,,
5157,variation,,"""Bayerischer Hof""-Röstung",1,0,search,,,,,taxable,parent,1,,,0,0,1000,,,,0,,,"27,50",,,,,,,id:5146,,,,,,0,Gewicht,1000g,,1,,Mahlung,Stempelkanne,,1,,,,,,,,,,,,,,,,,,,,,,,,,,,,,,,,,,,,,,,,,,,,,,,,,,,,,,,,,,0.0001,,,,,,,,,,,,,,,,,,,,,'-1,'-1,,,,,,,,,no,"""Bayerischer Hof""-Röstung",,,,cm,,'-1,'-1,,
5158,variation,,"""Bayerischer Hof""-Röstung",1,0,search,,,,,taxable,parent,1,,,0,0,500,,,,0,,,"15,00",,,,,,,id:5146,,,,,,0,Gewicht,500g,,1,,Mahlung,Stempelkanne,,1,,,,,,,,,,,,,,,,,,,,,,,,,,,,,,,,,,,,,,,,,,,,,,,,,,,,,,,,,,0.0001,,,,,,,,,,,,,,,,,,,,,'-1,'-1,,,,,,,,,no,"""Bayerischer Hof""-Röstung",,,,cm,,'-1,'-1,,
5159,variation,,"""Bayerischer Hof""-Röstung",1,0,search,,,,,taxable,parent,1,,,0,0,500,,,,0,,,"15,00",,,,,,,id:5146,,,,,,0,Gewicht,500g,,1,,Mahlung,Filter,,1,,,,,,,,,,,,,,,,,,,,,,,,,,,,,,,,,,,,,,,,,,,,,,,,,,,,,,,,,,0.0001,,,,,,,,,,,,,,,,,,,,,'-1,'-1,,,,,,,,,no,"""Bayerischer Hof""-Röstung",,,,cm,,'-1,'-1,,
1831,variation,,"Nr.4 „Noch ohne Namen“",1,0,search,,,,,taxable,parent,1,,,0,0,500,,,,0,,,"15,00",,,,,,,id:1830,,,,,,0,Gewicht,500g,,1,,Mahlung,"ganze Bohne",,1,,,,,,,,,,,,,,,,,,,,,,,,,,,,,,,,,,,,,,,,,,,,,,,,,,,,,,,,,,0.0001,,,,,,,,,,,,,,,,,,,,,'-1,'-1,,,,,,,,,,"Nr.4 „Noch ohne Namen“",,,,cm,,'-1,'-1,,
1832,variation,,"Nr.4 „Noch ohne Namen“",1,0,search,,,,,taxable,parent,1,,,0,0,250,,,,0,,,"7,50",,,,,,,id:1830,,,,,,0,Gewicht,250g,,1,,Mahlung,Stempelkanne,,1,,,,,,,,,,,,,,,,,,,,,,,,,,,,,,,,,,,,,,,,,,,,,,,,,,,,,,,,,,0.0001,,,,,,,,,,,,,,,,,,,,,'-1,'-1,,,,,,,,,,"Nr.4 „Noch ohne Namen“",,,,cm,,'-1,'-1,,
1833,variation,,"Nr.4 „Noch ohne Namen“",1,0,search,,,,,taxable,parent,1,,,0,0,250,,,,0,,,"7,50",,,,,,,id:1830,,,,,,0,Gewicht,250g,,1,,Mahlung,Filter,,1,,,,,,,,,,,,,,,,,,,,,,,,,,,,,,,,,,,,,,,,,,,,,,,,,,,,,,,,,,0.0001,,,,,,,,,,,,,,,,,,,,,'-1,'-1,,,,,,,,,,"Nr.4 „Noch ohne Namen“",,,,cm,,'-1,'-1,,
1834,variation,,"Nr.4 „Noch ohne Namen“",1,0,search,,,,,taxable,parent,1,,,0,0,250,,,,0,,,"7,50",,,,,,,id:1830,,,,,,0,Gewicht,250g,,1,,Mahlung,Herdkanne,,1,,,,,,,,,,,,,,,,,,,,,,,,,,,,,,,,,,,,,,,,,,,,,,,,,,,,,,,,,,0.0001,,,,,,,,,,,,,,,,,,,,,'-1,'-1,,,,,,,,,,"Nr.4 „Noch ohne Namen“",,,,cm,,'-1,'-1,,
1835,variation,,"Nr.4 „Noch ohne Namen“",1,0,search,,,,,taxable,parent,1,,,0,0,250,,,,0,,,"7,50",,,,,,,id:1830,,,,,,0,Gewicht,250g,,1,,Mahlung,Siebträger,,1,,,,,,,,,,,,,,,,,,,,,,,,,,,,,,,,,,,,,,,,,,,,,,,,,,,,,,,,,,0.0001,,,,,,,,,,,,,,,,,,,,,'-1,'-1,,,,,,,,,,"Nr.4 „Noch ohne Namen“",,,,cm,,'-1,'-1,,
1836,variation,,"Nr.4 „Noch ohne Namen“",1,0,search,,,,,taxable,parent,1,,,0,0,250,,,,0,,,"7,50",,,,https://staging.our-working.space/wp-content/uploads/2017/09/Nr-4-1.png,,,id:1830,,,,,,0,Gewicht,250g,,1,,Mahlung,"ganze Bohne",,1,,,,,,,,,,,,,,,,,,,,,,,,,,,,,,,,,,,,,,,,,,,,,,,,,,,,,,,,,,0.0001,,,,,,,,,,,,,,,,,,,,,'-1,'-1,,,,,,,,,,"Nr.4 „Noch ohne Namen“",1,,,cm,,'-1,'-1,,
1837,variation,,"Nr.4 „Noch ohne Namen“",1,0,search,,,,,taxable,parent,1,,,0,0,1000,,,,0,,,"27,50",,,,,,,id:1830,,,,,,0,Gewicht,1000g,,1,,Mahlung,Herdkanne,,1,,,,,,,,,,,,,,,,,,,,,,,,,,,,,,,,,,,,,,,,,,,,,,,,,,,,,,,,,,0.0001,,,,,,,,,,,,,,,,,,,,,'-1,'-1,,,,,,,,,,"Nr.4 „Noch ohne Namen“",,,,cm,,'-1,'-1,,
1838,variation,,"Nr.4 „Noch ohne Namen“",1,0,search,,,,,taxable,parent,1,,,0,0,1000,,,,0,,,"27,50",,,,,,,id:1830,,,,,,0,Gewicht,1000g,,1,,Mahlung,Siebträger,,1,,,,,,,,,,,,,,,,,,,,,,,,,,,,,,,,,,,,,,,,,,,,,,,,,,,,,,,,,,0.0001,,,,,,,,,,,,,,,,,,,,,'-1,'-1,,,,,,,,,,"Nr.4 „Noch ohne Namen“",,,,cm,,'-1,'-1,,
1839,variation,,"Nr.4 „Noch ohne Namen“",1,0,search,,,,,taxable,parent,1,,,0,0,1000,,,,0,,,"27,50",,,,,,,id:1830,,,,,,0,Gewicht,1000g,,1,,Mahlung,"ganze Bohne",,1,,,,,,,,,,,,,,,,,,,,,,,,,,,,,,,,,,,,,,,,,,,,,,,,,,,,,,,,,,0.0001,,,,,,,,,,,,,,,,,,,,,'-1,'-1,,,,,,,,,,"Nr.4 „Noch ohne Namen“",,,,cm,,'-1,'-1,,
1840,variation,,"Nr.4 „Noch ohne Namen“",1,0,search,,,,,taxable,parent,1,,,0,0,1000,,,,0,,,"27,50",,,,,,,id:1830,,,,,,0,Gewicht,1000g,,1,,Mahlung,Filter,,1,,,,,,,,,,,,,,,,,,,,,,,,,,,,,,,,,,,,,,,,,,,,,,,,,,,,,,,,,,0.0001,,,,,,,,,,,,,,,,,,,,,'-1,'-1,,,,,,,,,,"Nr.4 „Noch ohne Namen“",,,,cm,,'-1,'-1,,
1841,variation,,"Nr.4 „Noch ohne Namen“",1,0,search,,,,,taxable,parent,1,,,0,0,1000,,,,0,,,"27,50",,,,,,,id:1830,,,,,,0,Gewicht,1000g,,1,,Mahlung,Stempelkanne,,1,,,,,,,,,,,,,,,,,,,,,,,,,,,,,,,,,,,,,,,,,,,,,,,,,,,,,,,,,,0.0001,,,,,,,,,,,,,,,,,,,,,'-1,'-1,,,,,,,,,,"Nr.4 „Noch ohne Namen“",,,,cm,,'-1,'-1,,
1842,variation,,"Nr.4 „Noch ohne Namen“",1,0,search,,,,,taxable,parent,1,,,0,0,500,,,,0,,,"15,00",,,,,,,id:1830,,,,,,0,Gewicht,500g,,1,,Mahlung,Stempelkanne,,1,,,,,,,,,,,,,,,,,,,,,,,,,,,,,,,,,,,,,,,,,,,,,,,,,,,,,,,,,,0.0001,,,,,,,,,,,,,,,,,,,,,'-1,'-1,,,,,,,,,,"Nr.4 „Noch ohne Namen“",,,,cm,,'-1,'-1,,
1843,variation,,"Nr.4 „Noch ohne Namen“",1,0,search,,,,,taxable,parent,1,,,0,0,500,,,,0,,,"15,00",,,,,,,id:1830,,,,,,0,Gewicht,500g,,1,,Mahlung,Filter,,1,,,,,,,,,,,,,,,,,,,,,,,,,,,,,,,,,,,,,,,,,,,,,,,,,,,,,,,,,,0.0001,,,,,,,,,,,,,,,,,,,,,'-1,'-1,,,,,,,,,,"Nr.4 „Noch ohne Namen“",,,,cm,,'-1,'-1,,
1844,variation,,"Nr.4 „Noch ohne Namen“",1,0,search,,,,,taxable,parent,1,,,0,0,500,,,,0,,,"15,00",,,,,,,id:1830,,,,,,0,Gewicht,500g,,1,,Mahlung,Herdkanne,,1,,,,,,,,,,,,,,,,,,,,,,,,,,,,,,,,,,,,,,,,,,,,,,,,,,,,,,,,,,0.0001,,,,,,,,,,,,,,,,,,,,,'-1,'-1,,,,,,,,,,"Nr.4 „Noch ohne Namen“",,,,cm,,'-1,'-1,,
1845,variation,,"Nr.4 „Noch ohne Namen“",1,0,search,,,,,taxable,parent,1,,,0,0,500,,,,0,,,"15,00",,,,,,,id:1830,,,,,,0,Gewicht,500g,,1,,Mahlung,Siebträger,,1,,,,,,,,,,,,,,,,,,,,,,,,,,,,,,,,,,,,,,,,,,,,,,,,,,,,,,,,,,0.0001,,,,,,,,,,,,,,,,,,,,,'-1,'-1,,,,,,,,,,"Nr.4 „Noch ohne Namen“",,,,cm,,'-1,'-1,,
3531,variation,,"Speciality Blend",1,0,search,,,,,taxable,parent,1,,,0,0,250,,,,0,,,"8,90",,,,,,,id:3528,,,,,,0,Gewicht,250g,,1,,Mahlung,Herdkanne,,1,,,,,,,,,,,,,,,,,,,,,,,,,,,,,,,,,,,,,,,,,,,,,,,,,,,,,,,,,,0.0001,,,,,,,,,,,,,,,,,,,,,,,,,,,,,,,,"Speciality Blend",,,,,,,,,
3532,variation,,"Speciality Blend",1,0,search,,,,,taxable,parent,1,,,0,0,250,,,,0,,,"8,90",,,,,,,id:3528,,,,,,0,Gewicht,250g,,1,,Mahlung,Siebträger,,1,,,,,,,,,,,,,,,,,,,,,,,,,,,,,,,,,,,,,,,,,,,,,,,,,,,,,,,,,,0.0001,,,,,,,,,,,,,,,,,,,,,,,,,,,,,,,,"Speciality Blend",,,,,,,,,
3533,variation,,"Speciality Blend",1,0,search,,,,,taxable,parent,1,,,0,0,250,,,,0,,,"8,90",,,,https://staging.our-working.space/wp-content/uploads/2018/05/Nr-5-Speciality-Blend.png,,,id:3528,,,,,,0,Gewicht,250g,,1,,Mahlung,"ganze Bohne",,1,,,,,,,,,,,,,,,,,,,,,,,,,,,,,,,,,,,,,,,,,,,,,,,,,,,,,,,,,,0.0001,,,,,,,,,,,,,,,,,,,,,,,,,,,,,,,,"Speciality Blend",1,,,,,,,,
3529,variation,,"Speciality Blend",1,0,search,,,,,taxable,parent,1,,,0,0,250,,,,0,,,"8,90",,,,,,,id:3528,,,,,,0,Gewicht,250g,,1,,Mahlung,Stempelkanne,,1,,,,,,,,,,,,,,,,,,,,,,,,,,,,,,,,,,,,,,,,,,,,,,,,,,,,,,,,,,0.0001,,,,,,,,,,,,,,,,,,,,,,,,,,,,,,,,"Speciality Blend",,,,,,,,,
3530,variation,,"Speciality Blend",1,0,search,,,,,taxable,parent,1,,,0,0,250,,,,0,,,"8,90",,,,,,,id:3528,,,,,,0,Gewicht,250g,,1,,Mahlung,Filter,,1,,,,,,,,,,,,,,,,,,,,,,,,,,,,,,,,,,,,,,,,,,,,,,,,,,,,,,,,,,0.0001,,,,,,,,,,,,,,,,,,,,,,,,,,,,,,,,"Speciality Blend",,,,,,,,,
5161,variation,,"""Bayerischer Hof""-Röstung",1,0,search,,,,,taxable,parent,1,,,0,0,500,,,,0,,,"15,00",,,,,,,id:5146,,,,,,0,Gewicht,500g,,1,,Mahlung,Siebträger,,1,,,,,,,,,,,,,,,,,,,,,,,,,,,,,,,,,,,,,,,,,,,,,,,,,,,,,,,,,,0.0001,,,,,,,,,,,,,,,,,,,,,'-1,'-1,,,,,,,,,no,"""Bayerischer Hof""-Röstung",,,,cm,,'-1,'-1,,
5159,variation,,"""Bayerischer Hof""-Röstung",1,0,search,,,,,taxable,parent,1,,,0,0,500,,,,0,,,"15,00",,,,,,,id:5146,,,,,,0,Gewicht,500g,,1,,Mahlung,Filter,,1,,,,,,,,,,,,,,,,,,,,,,,,,,,,,,,,,,,,,,,,,,,,,,,,,,,,,,,,,,0.0001,,,,,,,,,,,,,,,,,,,,,'-1,'-1,,,,,,,,,no,"""Bayerischer Hof""-Röstung",,,,cm,,'-1,'-1,,
5160,variation,,"""Bayerischer Hof""-Röstung",1,0,search,,,,,taxable,parent,1,,,0,0,500,,,,0,,,"15,00",,,,,,,id:5146,,,,,,0,Gewicht,500g,,1,,Mahlung,Herdkanne,,1,,,,,,,,,,,,,,,,,,,,,,,,,,,,,,,,,,,,,,,,,,,,,,,,,,,,,,,,,,0.0001,,,,,,,,,,,,,,,,,,,,,'-1,'-1,,,,,,,,,no,"""Bayerischer Hof""-Röstung",,,,cm,,'-1,'-1,,
5157,variation,,"""Bayerischer Hof""-Röstung",1,0,search,,,,,taxable,parent,1,,,0,0,1000,,,,0,,,"27,50",,,,,,,id:5146,,,,,,0,Gewicht,1000g,,1,,Mahlung,Stempelkanne,,1,,,,,,,,,,,,,,,,,,,,,,,,,,,,,,,,,,,,,,,,,,,,,,,,,,,,,,,,,,0.0001,,,,,,,,,,,,,,,,,,,,,'-1,'-1,,,,,,,,,no,"""Bayerischer Hof""-Röstung",,,,cm,,'-1,'-1,,
5158,variation,,"""Bayerischer Hof""-Röstung",1,0,search,,,,,taxable,parent,1,,,0,0,500,,,,0,,,"15,00",,,,,,,id:5146,,,,,,0,Gewicht,500g,,1,,Mahlung,Stempelkanne,,1,,,,,,,,,,,,,,,,,,,,,,,,,,,,,,,,,,,,,,,,,,,,,,,,,,,,,,,,,,0.0001,,,,,,,,,,,,,,,,,,,,,'-1,'-1,,,,,,,,,no,"""Bayerischer Hof""-Röstung",,,,cm,,'-1,'-1,,
5155,variation,,"""Bayerischer Hof""-Röstung",1,0,search,,,,,taxable,parent,1,,,0,0,1000,,,,0,,,"27,50",,,,,,,id:5146,,,,,,0,Gewicht,1000g,,1,,Mahlung,"ganze Bohne",,1,,,,,,,,,,,,,,,,,,,,,,,,,,,,,,,,,,,,,,,,,,,,,,,,,,,,,,,,,,0.0001,,,,,,,,,,,,,,,,,,,,,'-1,'-1,,,,,,,,,no,"""Bayerischer Hof""-Röstung",,,,cm,,'-1,'-1,,
5156,variation,,"""Bayerischer Hof""-Röstung",1,0,search,,,,,taxable,parent,1,,,0,0,1000,,,,0,,,"27,50",,,,,,,id:5146,,,,,,0,Gewicht,1000g,,1,,Mahlung,Filter,,1,,,,,,,,,,,,,,,,,,,,,,,,,,,,,,,,,,,,,,,,,,,,,,,,,,,,,,,,,,0.0001,,,,,,,,,,,,,,,,,,,,,'-1,'-1,,,,,,,,,no,"""Bayerischer Hof""-Röstung",,,,cm,,'-1,'-1,,
5154,variation,,"""Bayerischer Hof""-Röstung",1,0,search,,,,,taxable,parent,1,,,0,0,1000,,,,0,,,"27,50",,,,,,,id:5146,,,,,,0,Gewicht,1000g,,1,,Mahlung,Siebträger,,1,,,,,,,,,,,,,,,,,,,,,,,,,,,,,,,,,,,,,,,,,,,,,,,,,,,,,,,,,,0.0001,,,,,,,,,,,,,,,,,,,,,'-1,'-1,,,,,,,,,no,"""Bayerischer Hof""-Röstung",,,,cm,,'-1,'-1,,
5153,variation,,"""Bayerischer Hof""-Röstung",1,0,search,,,,,taxable,parent,1,,,0,0,1000,,,,0,,,"27,50",,,,,,,id:5146,,,,,,0,Gewicht,1000g,,1,,Mahlung,Herdkanne,,1,,,,,,,,,,,,,,,,,,,,,,,,,,,,,,,,,,,,,,,,,,,,,,,,,,,,,,,,,,0.0001,,,,,,,,,,,,,,,,,,,,,'-1,'-1,,,,,,,,,no,"""Bayerischer Hof""-Röstung",,,,cm,,'-1,'-1,,
5152,variation,,"""Bayerischer Hof""-Röstung",1,0,search,,,,,taxable,parent,1,,,0,0,250,,,,0,,,"7,50",,,,https://staging.our-working.space/wp-content/uploads/2017/09/Nr-4-1.png,,,id:5146,,,,,,0,Gewicht,250g,,1,,Mahlung,"ganze Bohne",,1,,,,,,,,,,,,,,,,,,,,,,,,,,,,,,,,,,,,,,,,,,,,,,,,,,,,,,,,,,0.0001,,,,,,,,,,,,,,,,,,,,,'-1,'-1,,,,,,,,,no,"""Bayerischer Hof""-Röstung",1,,,cm,,'-1,'-1,,
5151,variation,,"""Bayerischer Hof""-Röstung",1,0,search,,,,,taxable,parent,1,,,0,0,250,,,,0,,,"7,50",,,,,,,id:5146,,,,,,0,Gewicht,250g,,1,,Mahlung,Siebträger,,1,,,,,,,,,,,,,,,,,,,,,,,,,,,,,,,,,,,,,,,,,,,,,,,,,,,,,,,,,,0.0001,,,,,,,,,,,,,,,,,,,,,'-1,'-1,,,,,,,,,no,"""Bayerischer Hof""-Röstung",,,,cm,,'-1,'-1,,
5150,variation,,"""Bayerischer Hof""-Röstung",1,0,search,,,,,taxable,parent,1,,,0,0,250,,,,0,,,"7,50",,,,,,,id:5146,,,,,,0,Gewicht,250g,,1,,Mahlung,Herdkanne,,1,,,,,,,,,,,,,,,,,,,,,,,,,,,,,,,,,,,,,,,,,,,,,,,,,,,,,,,,,,0.0001,,,,,,,,,,,,,,,,,,,,,'-1,'-1,,,,,,,,,no,"""Bayerischer Hof""-Röstung",,,,cm,,'-1,'-1,,
5148,variation,,"""Bayerischer Hof""-Röstung",1,0,search,,,,,taxable,parent,1,,,0,0,250,,,,0,,,"7,50",,,,,,,id:5146,,,,,,0,Gewicht,250g,,1,,Mahlung,Stempelkanne,,1,,,,,,,,,,,,,,,,,,,,,,,,,,,,,,,,,,,,,,,,,,,,,,,,,,,,,,,,,,0.0001,,,,,,,,,,,,,,,,,,,,,'-1,'-1,,,,,,,,,no,"""Bayerischer Hof""-Röstung",,,,cm,,'-1,'-1,,
5149,variation,,"""Bayerischer Hof""-Röstung",1,0,search,,,,,taxable,parent,1,,,0,0,250,,,,0,,,"7,50",,,,,,,id:5146,,,,,,0,Gewicht,250g,,1,,Mahlung,Filter,,1,,,,,,,,,,,,,,,,,,,,,,,,,,,,,,,,,,,,,,,,,,,,,,,,,,,,,,,,,,0.0001,,,,,,,,,,,,,,,,,,,,,'-1,'-1,,,,,,,,,no,"""Bayerischer Hof""-Röstung",,,,cm,,'-1,'-1,,
5147,variation,,"""Bayerischer Hof""-Röstung",1,0,search,,,,,taxable,parent,1,,,0,0,500,,,,0,,,"15,00",,,,,,,id:5146,,,,,,0,Gewicht,500g,,1,,Mahlung,"ganze Bohne",,1,,,,,,,,,,,,,,,,,,,,,,,,,,,,,,,,,,,,,,,,,,,,,,,,,,,,,,,,,,0.0001,,,,,,,,,,,,,,,,,,,,,'-1,'-1,,,,,,,,,no,"""Bayerischer Hof""-Röstung",,,,cm,,'-1,'-1,,
5160,variation,,"""Bayerischer Hof""-Röstung",1,0,search,,,,,taxable,parent,1,,,0,0,500,,,,0,,,"15,00",,,,,,,id:5146,,,,,,0,Gewicht,500g,,1,,Mahlung,Herdkanne,,1,,,,,,,,,,,,,,,,,,,,,,,,,,,,,,,,,,,,,,,,,,,,,,,,,,,,,,,,,,0.0001,,,,,,,,,,,,,,,,,,,,,'-1,'-1,,,,,,,,,no,"""Bayerischer Hof""-Röstung",,,,cm,,'-1,'-1,,
5161,variation,,"""Bayerischer Hof""-Röstung",1,0,search,,,,,taxable,parent,1,,,0,0,500,,,,0,,,"15,00",,,,,,,id:5146,,,,,,0,Gewicht,500g,,1,,Mahlung,Siebträger,,1,,,,,,,,,,,,,,,,,,,,,,,,,,,,,,,,,,,,,,,,,,,,,,,,,,,,,,,,,,0.0001,,,,,,,,,,,,,,,,,,,,,'-1,'-1,,,,,,,,,no,"""Bayerischer Hof""-Röstung",,,,cm,,'-1,'-1,,
